ID_ESCOLA,ID_LOCALIZACAO,ID_TURMA,ID_TURNO,ID_ALUNO,TX_RESP_BLOCO_2_MT,ESTRATO_ANEB,PESO_ALUNO_LP,'RESULTADO IDEB',CONDICAO
27044270,2,604385,2,17847673,ABCCDDACCAADB,270915232,1.031.250.000.000.000,5.8,'ACIMA DA MEDIA'
27044270,2,604385,2,17847674,ABCDDBCCBCDBD,270915232,1.031.250.000.000.000,5.8,'ACIMA DA MEDIA'
27044270,2,604385,2,17847675,CDCBBCBDDCABC,270915232,1.031.250.000.000.000,5.8,'ACIMA DA MEDIA'
27044270,2,604385,2,17847676,ACBCCBBCCDABB,270915232,1.031.250.000.000.000,5.8,'ACIMA DA MEDIA'
27044270,2,604385,2,17847677,BAACADCAAABAC,270915232,1.031.250.000.000.000,5.8,'ACIMA DA MEDIA'
27044270,2,604385,2,17847678,.............,270915232,?,5.8,'ACIMA DA MEDIA'
27044270,2,604385,2,17847679,BAABDDBCCAABA,270915232,1.031.250.000.000.000,5.8,'ACIMA DA MEDIA'
27044270,2,604385,2,17847680,BCBBCADCCDAAA,270915232,1.031.250.000.000.000,5.8,'ACIMA DA MEDIA'
27044270,2,604385,2,17847681,.............,270915232,?,5.8,'ACIMA DA MEDIA'
27044270,2,604385,2,17847682,AADCBCAACBCBB,270915232,1.031.250.000.000.000,5.8,'ACIMA DA MEDIA'
27044270,2,604385,2,17847683,AADCBCCACCCBB,270915232,1.031.250.000.000.000,5.8,'ACIMA DA MEDIA'
27044270,2,604385,2,17847684,CDCBBDDBDBCAD,270915232,1.031.250.000.000.000,5.8,'ACIMA DA MEDIA'
27044270,2,604385,2,17847685,ACBBCBADBCACB,270915232,1.031.250.000.000.000,5.8,'ACIMA DA MEDIA'
27044270,2,604385,2,17847686,CDADACACDCDAA,270915232,1.031.250.000.000.000,5.8,'ACIMA DA MEDIA'
27044270,2,604385,2,17847687,ADABCBADCCCAB,270915232,1.031.250.000.000.000,5.8,'ACIMA DA MEDIA'
27044270,2,604385,2,17847688,ADBBCBCDCCCCD,270915232,1.031.250.000.000.000,5.8,'ACIMA DA MEDIA'
27044270,2,604385,2,17847689,.............,270915232,?,5.8,'ACIMA DA MEDIA'
27044270,2,604385,2,17847690,BAACBAAADABBA,270915232,1.031.250.000.000.000,5.8,'ACIMA DA MEDIA'
27044270,2,604385,2,17847691,CCBADBCDBDDCC,270915232,1.031.250.000.000.000,5.8,'ACIMA DA MEDIA'
27044270,2,604385,2,17847692,CCBADBCDBDDCC,270915232,1.031.250.000.000.000,5.8,'ACIMA DA MEDIA'
27044270,2,604385,2,17847693,CDADACBDCBBDA,270915232,1.031.250.000.000.000,5.8,'ACIMA DA MEDIA'
27044270,2,604385,2,17847694,BCDBBDADACDBD,270915232,1.031.250.000.000.000,5.8,'ACIMA DA MEDIA'
27044270,2,604385,2,17847695,CCBADBCDBDDCC,270915232,1.031.250.000.000.000,5.8,'ACIMA DA MEDIA'
27044270,2,604385,2,17847696,ABBCDDACCDDAB,270915232,1.031.250.000.000.000,5.8,'ACIMA DA MEDIA'
27044270,2,604385,2,17847697,ADBDAAACCDAAA,270915232,1.031.250.000.000.000,5.8,'ACIMA DA MEDIA'
27044270,2,604385,2,17847698,CBBDBACCCDBDA,270915232,1.031.250.000.000.000,5.8,'ACIMA DA MEDIA'
27044270,2,604385,2,17847699,ABCCDDACCCADA,270915232,1.031.250.000.000.000,5.8,'ACIMA DA MEDIA'
27044270,2,604385,2,17847700,AADDBBCCADCDC,270915232,1.031.250.000.000.000,5.8,'ACIMA DA MEDIA'
27044270,2,604385,2,17847701,AADABDBACADAC,270915232,1.031.250.000.000.000,5.8,'ACIMA DA MEDIA'
27044270,2,604385,2,17847702,DDCDBDAADBCCA,270915232,1.031.250.000.000.000,5.8,'ACIMA DA MEDIA'
27044270,2,604385,2,17847703,ABCCDBACCBADC,270915232,1.031.250.000.000.000,5.8,'ACIMA DA MEDIA'
27044270,2,604385,2,17847704,CCBDBCCDADCDD,270915232,1.031.250.000.000.000,5.8,'ACIMA DA MEDIA'
27044270,2,604385,2,17847705,CBABCCACDCCDC,270915232,1.031.250.000.000.000,5.8,'ACIMA DA MEDIA'
27044270,2,604385,2,17847706,CABDCCBCDDDDC,270915232,1.031.250.000.000.000,5.8,'ACIMA DA MEDIA'
27044270,2,604385,2,17847707,.............,270915232,?,5.8,'ACIMA DA MEDIA'
27044270,2,604385,2,17847708,ABBDBCAACDDAD,270915232,1.031.250.000.000.000,5.8,'ACIMA DA MEDIA'
27044289,1,604386,1,17847709,CBADCAAADCCCA,270915231,1.088.235.294.100.000,4.8,'ABAIXO DA MEDIA'
27044289,1,604386,1,17847710,CCBDBCBCDCACB,270915231,1.088.235.294.100.000,4.8,'ABAIXO DA MEDIA'
27044289,1,604386,1,17847711,CDCDACAABBDDA,270915231,1.088.235.294.100.000,4.8,'ABAIXO DA MEDIA'
27044289,1,604386,1,17847712,.............,270915231,?,4.8,'ABAIXO DA MEDIA'
27044289,1,604386,1,17847713,BBABCAADACCCC,270915231,1.088.235.294.100.000,4.8,'ABAIXO DA MEDIA'
27044289,1,604386,1,17847714,CDCCBBBDDDCCA,270915231,1.088.235.294.100.000,4.8,'ABAIXO DA MEDIA'
27044289,1,604386,1,17847715,.............,270915231,?,4.8,'ABAIXO DA MEDIA'
27044289,1,604386,1,17847716,CCCBAABDCABAD,270915231,1.088.235.294.100.000,4.8,'ABAIXO DA MEDIA'
27044289,1,604386,1,17847717,ACCCABDDBADCC,270915231,1.088.235.294.100.000,4.8,'ABAIXO DA MEDIA'
27044289,1,604386,1,17847718,BBCDACACDADBB,270915231,1.088.235.294.100.000,4.8,'ABAIXO DA MEDIA'
27044289,1,604386,1,17847719,BCBCBDAAACCBA,270915231,1.088.235.294.100.000,4.8,'ABAIXO DA MEDIA'
27044289,1,604386,1,17847720,CAACADAADCADA,270915231,1.088.235.294.100.000,4.8,'ABAIXO DA MEDIA'
27044289,1,604386,1,17847721,ADBADCAABAACA,270915231,1.088.235.294.100.000,4.8,'ABAIXO DA MEDIA'
27044289,1,604386,1,17847722,CCABCBDCBDABC,270915231,1.088.235.294.100.000,4.8,'ABAIXO DA MEDIA'
27044289,1,604386,1,17847723,DABABBBCCABAA,270915231,1.088.235.294.100.000,4.8,'ABAIXO DA MEDIA'
27044289,1,604386,1,17847724,AADDADADCCAAB,270915231,1.088.235.294.100.000,4.8,'ABAIXO DA MEDIA'
27044289,1,604386,1,17847725,CACACABADBABC,270915231,1.088.235.294.100.000,4.8,'ABAIXO DA MEDIA'
27044289,1,604386,1,17847726,BCCBABCDDDDCC,270915231,1.088.235.294.100.000,4.8,'ABAIXO DA MEDIA'
27044289,1,604386,1,17847727,CBBDAADADBCBC,270915231,1.088.235.294.100.000,4.8,'ABAIXO DA MEDIA'
27044289,1,604386,1,17847728,DBBDDBAADACAB,270915231,1.088.235.294.100.000,4.8,'ABAIXO DA MEDIA'
27044289,1,604386,1,17847729,.............,270915231,?,4.8,'ABAIXO DA MEDIA'
27044289,1,604386,1,17847730,CCCDDCCCCBCCC,270915231,1.088.235.294.100.000,4.8,'ABAIXO DA MEDIA'
27044289,1,604386,1,17847731,CACBAAAADCBDC,270915231,1.088.235.294.100.000,4.8,'ABAIXO DA MEDIA'
27044289,1,604386,1,17847732,BCBADBCCBCBAC,270915231,1.088.235.294.100.000,4.8,'ABAIXO DA MEDIA'
27044289,1,604386,1,17847733,AACBACAAAADAA,270915231,1.088.235.294.100.000,4.8,'ABAIXO DA MEDIA'
27044289,1,604386,1,17847734,AABCBABCBAADC,270915231,1.088.235.294.100.000,4.8,'ABAIXO DA MEDIA'
27044289,1,604386,1,17847735,BABBABDDBADCC,270915231,1.088.235.294.100.000,4.8,'ABAIXO DA MEDIA'
27044289,1,604386,1,17847736,ACDCBCAACCBCD,270915231,1.088.235.294.100.000,4.8,'ABAIXO DA MEDIA'
27044289,1,604386,1,17847737,ACDCABDDBADBB,270915231,1.088.235.294.100.000,4.8,'ABAIXO DA MEDIA'
27044289,1,604386,1,17847738,ADCBACAAACDDA,270915231,?,4.8,'ABAIXO DA MEDIA'
27044289,1,604386,1,17847739,BBDABAACCBBAB,270915231,1.088.235.294.100.000,4.8,'ABAIXO DA MEDIA'
27044289,1,604386,1,17847740,AACBACAAAADAA,270915231,1.088.235.294.100.000,4.8,'ABAIXO DA MEDIA'
27044289,1,604386,1,17847741,CDDAAACADDCDA,270915231,1.088.235.294.100.000,4.8,'ABAIXO DA MEDIA'
27044289,1,604386,1,17847742,DDDBC*DDCAD*C,270915231,1.088.235.294.100.000,4.8,'ABAIXO DA MEDIA'
27044289,1,604386,1,17847743,ABDBBBBDDBADA,270915231,1.088.235.294.100.000,4.8,'ABAIXO DA MEDIA'
27044289,1,604386,1,17847744,BCBBBBCCADDCB,270915231,1.088.235.294.100.000,4.8,'ABAIXO DA MEDIA'
27044289,1,604386,1,17847745,AAACBBACDCBBB,270915231,1.088.235.294.100.000,4.8,'ABAIXO DA MEDIA'
27044289,1,604386,1,17847746,ACADAADCCBABD,270915231,1.088.235.294.100.000,4.8,'ABAIXO DA MEDIA'
27044289,1,604386,1,17847747,.............,270915231,?,4.8,'ABAIXO DA MEDIA'
27044289,1,604386,1,17847748,.............,270915231,?,4.8,'ABAIXO DA MEDIA'
27044289,1,604387,1,17847749,CBCCAAAABAAAA,270915231,1.222.222.222.200.000,4.8,'ABAIXO DA MEDIA'
27044289,1,604387,1,17847750,CBDACADBA*BCA,270915231,1.222.222.222.200.000,4.8,'ABAIXO DA MEDIA'
27044289,1,604387,1,17847751,BBCCBCACDACBA,270915231,1.222.222.222.200.000,4.8,'ABAIXO DA MEDIA'
27044289,1,604387,1,17847752,BACACABABBBDC,270915231,1.222.222.222.200.000,4.8,'ABAIXO DA MEDIA'
27044289,1,604387,1,17847753,DBCCBCCBCDCDA,270915231,1.222.222.222.200.000,4.8,'ABAIXO DA MEDIA'
27044289,1,604387,1,17847754,ADDDBDAAAAADC,270915231,1.222.222.222.200.000,4.8,'ABAIXO DA MEDIA'
27044289,1,604387,1,17847755,CCBDAACCCDABC,270915231,1.222.222.222.200.000,4.8,'ABAIXO DA MEDIA'
27044289,1,604387,1,17847756,CABBBBACABCAB,270915231,1.222.222.222.200.000,4.8,'ABAIXO DA MEDIA'
27044289,1,604387,1,17847757,BDBCCBDABDDCC,270915231,1.222.222.222.200.000,4.8,'ABAIXO DA MEDIA'
27044289,1,604387,1,17847758,CCABCAADBCBAB,270915231,1.222.222.222.200.000,4.8,'ABAIXO DA MEDIA'
27044289,1,604387,1,17847759,ABADCCBDCADCC,270915231,1.222.222.222.200.000,4.8,'ABAIXO DA MEDIA'
27044289,1,604387,1,17847760,ACBACBABDBCAB,270915231,1.222.222.222.200.000,4.8,'ABAIXO DA MEDIA'
27044289,1,604387,1,17847761,.............,270915231,?,4.8,'ABAIXO DA MEDIA'
27044289,1,604387,1,17847762,ACDBBCACDBCAB,270915231,1.222.222.222.200.000,4.8,'ABAIXO DA MEDIA'
27044289,1,604387,1,17847763,.............,270915231,?,4.8,'ABAIXO DA MEDIA'
27044289,1,604387,1,17847764,.............,270915231,?,4.8,'ABAIXO DA MEDIA'
27044289,1,604387,1,17847765,AACDDBAADDADD,270915231,1.222.222.222.200.000,4.8,'ABAIXO DA MEDIA'
27044289,1,604387,1,17847766,BDADBCAABCBDD,270915231,1.222.222.222.200.000,4.8,'ABAIXO DA MEDIA'
27044289,1,604387,1,17847767,BBBBCAACCAADD,270915231,1.222.222.222.200.000,4.8,'ABAIXO DA MEDIA'
27044289,1,604387,1,17847768,BBDDADDDDDABD,270915231,1.222.222.222.200.000,4.8,'ABAIXO DA MEDIA'
27044289,1,604387,1,17847769,AADCDDBAAACDB,270915231,1.222.222.222.200.000,4.8,'ABAIXO DA MEDIA'
27044289,1,604387,1,17847770,CBCBCBCDBBCAB,270915231,1.222.222.222.200.000,4.8,'ABAIXO DA MEDIA'
27044289,1,604387,1,17847771,.............,270915231,?,4.8,'ABAIXO DA MEDIA'
27044289,1,604387,1,17847772,BCDABCCCDBBCA,270915231,1.222.222.222.200.000,4.8,'ABAIXO DA MEDIA'
27044289,1,604387,1,17847773,.............,270915231,?,4.8,'ABAIXO DA MEDIA'
27044289,1,604387,1,17847774,CCBCADCDCDBDC,270915231,1.222.222.222.200.000,4.8,'ABAIXO DA MEDIA'
27044289,1,604387,1,17847775,ABDDCBACCCACB,270915231,1.222.222.222.200.000,4.8,'ABAIXO DA MEDIA'
27044289,1,604387,1,17847776,CAACBCAAAACBC,270915231,1.222.222.222.200.000,4.8,'ABAIXO DA MEDIA'
27044289,1,604387,1,17847777,ABDBDBDDBBCAC,270915231,1.222.222.222.200.000,4.8,'ABAIXO DA MEDIA'
27044289,1,604387,1,17847778,.............,270915231,?,4.8,'ABAIXO DA MEDIA'
27044289,1,604387,1,17847779,BAABCBACCADBA,270915231,1.222.222.222.200.000,4.8,'ABAIXO DA MEDIA'
27044289,1,604387,1,17847780,AABBBBDBAABCC,270915231,1.222.222.222.200.000,4.8,'ABAIXO DA MEDIA'
27044289,1,604387,1,17847781,BABDCDBCAACBB,270915231,1.222.222.222.200.000,4.8,'ABAIXO DA MEDIA'
27044289,1,604387,1,17847782,.............,270915231,?,4.8,'ABAIXO DA MEDIA'
27044289,1,604387,1,17847783,.............,270915231,?,4.8,'ABAIXO DA MEDIA'
27044289,1,604388,2,17847784,DBBABBAABBDCA,270915231,1.156.250.000.000.000,4.8,'ABAIXO DA MEDIA'
27044289,1,604388,2,17847785,CAADACCDCDAAC,270915231,1.156.250.000.000.000,4.8,'ABAIXO DA MEDIA'
27044289,1,604388,2,17847786,DDBAACAAACDCD,270915231,1.156.250.000.000.000,4.8,'ABAIXO DA MEDIA'
27044289,1,604388,2,17847787,ABDDCDCDBCCBC,270915231,1.156.250.000.000.000,4.8,'ABAIXO DA MEDIA'
27044289,1,604388,2,17847788,BAACCDABAAACA,270915231,1.156.250.000.000.000,4.8,'ABAIXO DA MEDIA'
27044289,1,604388,2,17847789,.............,270915231,?,4.8,'ABAIXO DA MEDIA'
27044289,1,604388,2,17847790,BBABBBDDBBBCC,270915231,1.156.250.000.000.000,4.8,'ABAIXO DA MEDIA'
27044289,1,604388,2,17847791,ABDCDBABCACAC,270915231,1.156.250.000.000.000,4.8,'ABAIXO DA MEDIA'
27044289,1,604388,2,17847792,CCCDBCCCAABAA,270915231,1.156.250.000.000.000,4.8,'ABAIXO DA MEDIA'
27044289,1,604388,2,17847793,CBBDBBDDBBABC,270915231,1.156.250.000.000.000,4.8,'ABAIXO DA MEDIA'
27044289,1,604388,2,17847794,.............,270915231,?,4.8,'ABAIXO DA MEDIA'
27044289,1,604388,2,17847795,.............,270915231,?,4.8,'ABAIXO DA MEDIA'
27044289,1,604388,2,17847796,CADBBDBCDDDBD,270915231,1.156.250.000.000.000,4.8,'ABAIXO DA MEDIA'
27044289,1,604388,2,17847797,BDAADCCDDDBCB,270915231,1.156.250.000.000.000,4.8,'ABAIXO DA MEDIA'
27044289,1,604388,2,17847798,BAADDCCCCAADD,270915231,1.156.250.000.000.000,4.8,'ABAIXO DA MEDIA'
27044289,1,604388,2,17847799,DBBAACBDBCACB,270915231,1.156.250.000.000.000,4.8,'ABAIXO DA MEDIA'
27044289,1,604388,2,17847800,.............,270915231,?,4.8,'ABAIXO DA MEDIA'
27044289,1,604388,2,17847801,CBBCBAAAABBCA,270915231,1.156.250.000.000.000,4.8,'ABAIXO DA MEDIA'
27044289,1,604388,2,17847802,BDCAABDDBDABC,270915231,1.156.250.000.000.000,4.8,'ABAIXO DA MEDIA'
27044289,1,604388,2,17847803,DCACBCBBDABDC,270915231,1.156.250.000.000.000,4.8,'ABAIXO DA MEDIA'
27044289,1,604388,2,17847804,BACCADAAAADBC,270915231,1.156.250.000.000.000,4.8,'ABAIXO DA MEDIA'
27044289,1,604388,2,17847805,.............,270915231,?,4.8,'ABAIXO DA MEDIA'
27044289,1,604388,2,17847806,AAADACBACBCDA,270915231,1.156.250.000.000.000,4.8,'ABAIXO DA MEDIA'
27044289,1,604388,2,17847807,DDDABCBDCDBCA,270915231,1.156.250.000.000.000,4.8,'ABAIXO DA MEDIA'
27044289,1,604388,2,17847808,AAAACBDDBDDDC,270915231,1.156.250.000.000.000,4.8,'ABAIXO DA MEDIA'
27044289,1,604388,2,17847809,CCCDCABACACDA,270915231,1.156.250.000.000.000,4.8,'ABAIXO DA MEDIA'
27044289,1,604388,2,17847810,BCCABCCDABBBB,270915231,1.156.250.000.000.000,4.8,'ABAIXO DA MEDIA'
27044289,1,604388,2,17847811,CABCBABCDCCCB,270915231,1.156.250.000.000.000,4.8,'ABAIXO DA MEDIA'
27044289,1,604388,2,17847812,C*BDBBCDBCDCC,270915231,1.156.250.000.000.000,4.8,'ABAIXO DA MEDIA'
27044289,1,604388,2,17847813,ABBCDDACCBCAA,270915231,1.156.250.000.000.000,4.8,'ABAIXO DA MEDIA'
27044289,1,604388,2,17847814,DBABACCDACDAA,270915231,1.156.250.000.000.000,4.8,'ABAIXO DA MEDIA'
27044289,1,604388,2,17847815,BCBBABACCDCBA,270915231,1.156.250.000.000.000,4.8,'ABAIXO DA MEDIA'
27044289,1,604388,2,17847816,AABDBCBACDBCC,270915231,1.156.250.000.000.000,4.8,'ABAIXO DA MEDIA'
27044289,1,604388,2,17847817,BBCDBDCDDADBB,270915231,1.156.250.000.000.000,4.8,'ABAIXO DA MEDIA'
27044289,1,604388,2,17847818,DCCABCAABCABA,270915231,1.156.250.000.000.000,4.8,'ABAIXO DA MEDIA'
27044289,1,604388,2,17847819,DDBCACBACA*BB,270915231,1.156.250.000.000.000,4.8,'ABAIXO DA MEDIA'
27044289,1,604388,2,17847820,CCBCDCACBBADB,270915231,1.156.250.000.000.000,4.8,'ABAIXO DA MEDIA'
27044289,1,604388,2,17847821,.............,270915231,?,4.8,'ABAIXO DA MEDIA'
27044289,1,604388,2,17847822,.............,270915231,?,4.8,'ABAIXO DA MEDIA'
27044289,1,604389,2,17847823,.............,270915231,?,4.8,'ABAIXO DA MEDIA'
27044289,1,604389,2,17847824,BBDBCAACAABBB,270915231,1.280.000.000.000.000,4.8,'ABAIXO DA MEDIA'
27044289,1,604389,2,17847825,CCBDBBCDDCDDB,270915231,1.280.000.000.000.000,4.8,'ABAIXO DA MEDIA'
27044289,1,604389,2,17847826,CBBDACACDDADC,270915231,1.280.000.000.000.000,4.8,'ABAIXO DA MEDIA'
27044289,1,604389,2,17847827,CDADACDCDCDBC,270915231,1.280.000.000.000.000,4.8,'ABAIXO DA MEDIA'
27044289,1,604389,2,17847828,DDBCBDCBBCDDA,270915231,1.280.000.000.000.000,4.8,'ABAIXO DA MEDIA'
27044289,1,604389,2,17847829,BACCBCADBDCCA,270915231,1.280.000.000.000.000,4.8,'ABAIXO DA MEDIA'
27044289,1,604389,2,17847830,BCBDBDCCCDDAA,270915231,1.280.000.000.000.000,4.8,'ABAIXO DA MEDIA'
27044289,1,604389,2,17847831,DAACADCADAACC,270915231,1.280.000.000.000.000,4.8,'ABAIXO DA MEDIA'
27044289,1,604389,2,17847832,.............,270915231,?,4.8,'ABAIXO DA MEDIA'
27044289,1,604389,2,17847833,CABDCCBBDBAAA,270915231,1.280.000.000.000.000,4.8,'ABAIXO DA MEDIA'
27044289,1,604389,2,17847834,.............,270915231,?,4.8,'ABAIXO DA MEDIA'
27044289,1,604389,2,17847835,ACDDBDBBABDAB,270915231,1.280.000.000.000.000,4.8,'ABAIXO DA MEDIA'
27044289,1,604389,2,17847836,DCCCDBDDDADAC,270915231,1.280.000.000.000.000,4.8,'ABAIXO DA MEDIA'
27044289,1,604389,2,17847837,ACCBDBAAACBDC,270915231,1.280.000.000.000.000,4.8,'ABAIXO DA MEDIA'
27044289,1,604389,2,17847838,.............,270915231,?,4.8,'ABAIXO DA MEDIA'
27044289,1,604389,2,17847839,.............,270915231,?,4.8,'ABAIXO DA MEDIA'
27044289,1,604389,2,17847840,CACDCDBBDCDBD,270915231,1.280.000.000.000.000,4.8,'ABAIXO DA MEDIA'
27044289,1,604389,2,17847841,DAAABBAABABCA,270915231,1.280.000.000.000.000,4.8,'ABAIXO DA MEDIA'
27044289,1,604389,2,17847842,DDBADDCCBCCDC,270915231,1.280.000.000.000.000,4.8,'ABAIXO DA MEDIA'
27044289,1,604389,2,17847843,DBDCBCAACCBCC,270915231,1.280.000.000.000.000,4.8,'ABAIXO DA MEDIA'
27044289,1,604389,2,17847844,CACDDDACDBCAB,270915231,1.280.000.000.000.000,4.8,'ABAIXO DA MEDIA'
27044289,1,604389,2,17847845,CACCCADDCADCB,270915231,1.280.000.000.000.000,4.8,'ABAIXO DA MEDIA'
27044289,1,604389,2,17847846,.............,270915231,?,4.8,'ABAIXO DA MEDIA'
27044289,1,604389,2,17847847,.............,270915231,?,4.8,'ABAIXO DA MEDIA'
27044289,1,604389,2,17847848,DAABABBACBADD,270915231,1.280.000.000.000.000,4.8,'ABAIXO DA MEDIA'
27044289,1,604389,2,17847849,BCABCBCDBCCDC,270915231,1.280.000.000.000.000,4.8,'ABAIXO DA MEDIA'
27044289,1,604389,2,17847850,CDADBBADDDC*.,270915231,1.280.000.000.000.000,4.8,'ABAIXO DA MEDIA'
27044289,1,604389,2,17847851,BABCBBACDCDCC,270915231,1.280.000.000.000.000,4.8,'ABAIXO DA MEDIA'
27044289,1,604389,2,17847852,CABABCAAACCAD,270915231,1.280.000.000.000.000,4.8,'ABAIXO DA MEDIA'
27044289,1,604389,2,17847853,ADDCCABADCBCA,270915231,1.280.000.000.000.000,4.8,'ABAIXO DA MEDIA'
27044289,1,604389,2,17847854,CBCDCABADDACA,270915231,1.280.000.000.000.000,4.8,'ABAIXO DA MEDIA'
27044289,1,604389,2,17847855,.............,270915231,?,4.8,'ABAIXO DA MEDIA'
27044289,1,604389,2,17847856,.............,270915231,?,4.8,'ABAIXO DA MEDIA'
27044289,1,604390,1,17847857,BBCBCBDDBACAC,270915231,1.125.000.000.000.000,4.8,'ABAIXO DA MEDIA'
27044289,1,604390,1,17847858,BAABACACCBABA,270915231,1.125.000.000.000.000,4.8,'ABAIXO DA MEDIA'
27044289,1,604390,1,17847859,DDCACBCDBCACC,270915231,1.125.000.000.000.000,4.8,'ABAIXO DA MEDIA'
27044289,1,604390,1,17847860,ACCDAACDADBAB,270915231,1.125.000.000.000.000,4.8,'ABAIXO DA MEDIA'
27044289,1,604390,1,17847861,BAACBBAAABABC,270915231,1.125.000.000.000.000,4.8,'ABAIXO DA MEDIA'
27044289,1,604390,1,17847862,ABCCDDBCCBBDA,270915231,1.125.000.000.000.000,4.8,'ABAIXO DA MEDIA'
27044289,1,604390,1,17847863,CCBDBCBCBCCCA,270915231,1.125.000.000.000.000,4.8,'ABAIXO DA MEDIA'
27044289,1,604390,1,17847864,.............,270915231,?,4.8,'ABAIXO DA MEDIA'
27044289,1,604390,1,17847865,DCDADBBADCDBB,270915231,1.125.000.000.000.000,4.8,'ABAIXO DA MEDIA'
27044289,1,604390,1,17847866,DACBCADCBBCCA,270915231,1.125.000.000.000.000,4.8,'ABAIXO DA MEDIA'
27044289,1,604390,1,17847867,CBADDCBDACAAD,270915231,1.125.000.000.000.000,4.8,'ABAIXO DA MEDIA'
27044289,1,604390,1,17847868,DBBDADAAACDCD,270915231,1.125.000.000.000.000,4.8,'ABAIXO DA MEDIA'
27044289,1,604390,1,17847869,CBACACAACBBCD,270915231,1.125.000.000.000.000,4.8,'ABAIXO DA MEDIA'
27044289,1,604390,1,17847870,.............,270915231,?,4.8,'ABAIXO DA MEDIA'
27044289,1,604390,1,17847871,CAADBCBDADBDD,270915231,1.125.000.000.000.000,4.8,'ABAIXO DA MEDIA'
27044289,1,604390,1,17847872,ADDDAABADCAAA,270915231,1.125.000.000.000.000,4.8,'ABAIXO DA MEDIA'
27044289,1,604390,1,17847873,CDBDBCBDCAADC,270915231,1.125.000.000.000.000,4.8,'ABAIXO DA MEDIA'
27044289,1,604390,1,17847874,CDCDDAAAAABAB,270915231,1.125.000.000.000.000,4.8,'ABAIXO DA MEDIA'
27044289,1,604390,1,17847875,ADCCBCBACABDD,270915231,1.125.000.000.000.000,4.8,'ABAIXO DA MEDIA'
27044289,1,604390,1,17847876,ADADDBCDDADCA,270915231,1.125.000.000.000.000,4.8,'ABAIXO DA MEDIA'
27044289,1,604390,1,17847877,.............,270915231,?,4.8,'ABAIXO DA MEDIA'
27044289,1,604390,1,17847878,BBDCDBACCACBC,270915231,1.125.000.000.000.000,4.8,'ABAIXO DA MEDIA'
27044289,1,604390,1,17847879,ADCCADAAACBBA,270915231,1.125.000.000.000.000,4.8,'ABAIXO DA MEDIA'
27044289,1,604390,1,17847880,ABACDABACCDBA,270915231,1.125.000.000.000.000,4.8,'ABAIXO DA MEDIA'
27044289,1,604390,1,17847881,CDDDDBCDBDDCC,270915231,1.125.000.000.000.000,4.8,'ABAIXO DA MEDIA'
27044289,1,604390,1,17847882,CAADBCDDCBDCC,270915231,1.125.000.000.000.000,4.8,'ABAIXO DA MEDIA'
27044289,1,604390,1,17847883,AADCCDBACAABC,270915231,1.125.000.000.000.000,4.8,'ABAIXO DA MEDIA'
27044289,1,604390,1,17847884,CBBDAAABDBABA,270915231,1.125.000.000.000.000,4.8,'ABAIXO DA MEDIA'
27044289,1,604390,1,17847885,CBBCAACCCBACD,270915231,1.125.000.000.000.000,4.8,'ABAIXO DA MEDIA'
27044289,1,604390,1,17847886,BCCBBBCDACBBB,270915231,1.125.000.000.000.000,4.8,'ABAIXO DA MEDIA'
27044289,1,604390,1,17847887,DBCCDCACCBABC,270915231,1.125.000.000.000.000,4.8,'ABAIXO DA MEDIA'
27044289,1,604390,1,17847888,.............,270915231,?,4.8,'ABAIXO DA MEDIA'
27044289,1,604390,1,17847889,CAAACCCCDCCAC,270915231,1.125.000.000.000.000,4.8,'ABAIXO DA MEDIA'
27044289,1,604390,1,17847890,ACBDCDADBCDAC,270915231,1.125.000.000.000.000,4.8,'ABAIXO DA MEDIA'
27044289,1,604390,1,17847891,CCDADBADABDBD,270915231,1.125.000.000.000.000,4.8,'ABAIXO DA MEDIA'
27044289,1,604390,1,17847892,CCADBAADCDADA,270915231,1.125.000.000.000.000,4.8,'ABAIXO DA MEDIA'
27044289,1,604390,1,17847893,.............,270915231,?,4.8,'ABAIXO DA MEDIA'
27044289,1,604390,1,17847894,.............,270915231,?,4.8,'ABAIXO DA MEDIA'
27044297,1,604391,1,17847895,ABCDAAABABBAA,270915231,1.166.666.666.700.000,4.5,'ABAIXO DA MEDIA'
27044297,1,604391,1,17847896,.............,270915231,?,4.5,'ABAIXO DA MEDIA'
27044297,1,604391,1,17847897,BCCCBDBDCCDCB,270915231,1.166.666.666.700.000,4.5,'ABAIXO DA MEDIA'
27044297,1,604391,1,17847898,BCBBDCBDCDBBA,270915231,1.166.666.666.700.000,4.5,'ABAIXO DA MEDIA'
27044297,1,604391,1,17847899,CACBCDCABDBDC,270915231,1.166.666.666.700.000,4.5,'ABAIXO DA MEDIA'
27044297,1,604391,1,17847900,CBCBBCAADBCAA,270915231,1.166.666.666.700.000,4.5,'ABAIXO DA MEDIA'
27044297,1,604391,1,17847901,ACADACCCDDBCC,270915231,1.166.666.666.700.000,4.5,'ABAIXO DA MEDIA'
27044297,1,604391,1,17847902,ABDCBBBCBBDAC,270915231,1.166.666.666.700.000,4.5,'ABAIXO DA MEDIA'
27044297,1,604391,1,17847903,CCDBCDDABDCDD,270915231,1.166.666.666.700.000,4.5,'ABAIXO DA MEDIA'
27044297,1,604391,1,17847904,ACDADCCDBDABD,270915231,1.166.666.666.700.000,4.5,'ABAIXO DA MEDIA'
27044297,1,604391,1,17847905,.............,270915231,?,4.5,'ABAIXO DA MEDIA'
27044297,1,604391,1,17847906,AABABCAAACCCB,270915231,1.166.666.666.700.000,4.5,'ABAIXO DA MEDIA'
27044297,1,604391,1,17847907,.............,270915231,?,4.5,'ABAIXO DA MEDIA'
27044297,1,604391,1,17847908,CDCAACBCDCCDB,270915231,1.166.666.666.700.000,4.5,'ABAIXO DA MEDIA'
27044297,1,604391,1,17847909,ABBBABABAABAB,270915231,1.166.666.666.700.000,4.5,'ABAIXO DA MEDIA'
27044297,1,604391,1,17847910,ACBDBCADDBDBD,270915231,1.166.666.666.700.000,4.5,'ABAIXO DA MEDIA'
27044297,1,604391,1,17847911,ABACCABCBBAAC,270915231,1.166.666.666.700.000,4.5,'ABAIXO DA MEDIA'
27044297,1,604391,1,17847912,.............,270915231,?,4.5,'ABAIXO DA MEDIA'
27044297,1,604391,1,17847913,AADDDCBABCCCA,270915231,1.166.666.666.700.000,4.5,'ABAIXO DA MEDIA'
27044297,1,604391,1,17847914,CDACCCADADDAC,270915231,1.166.666.666.700.000,4.5,'ABAIXO DA MEDIA'
27044297,1,604391,1,17847915,ADBDAABBDDBCB,270915231,1.166.666.666.700.000,4.5,'ABAIXO DA MEDIA'
27044297,1,604391,1,17847916,ADCBDDCBBCCDB,270915231,1.166.666.666.700.000,4.5,'ABAIXO DA MEDIA'
27044297,1,604391,1,17847917,ABABCBCDBACDC,270915231,1.166.666.666.700.000,4.5,'ABAIXO DA MEDIA'
27044297,1,604391,1,17847918,CCDADBCDBADAC,270915231,1.166.666.666.700.000,4.5,'ABAIXO DA MEDIA'
27044297,1,604391,1,17847919,ACCBADBBCCDAA,270915231,1.166.666.666.700.000,4.5,'ABAIXO DA MEDIA'
27044297,1,604391,1,17847920,CCBDCCCCCDDBA,270915231,1.166.666.666.700.000,4.5,'ABAIXO DA MEDIA'
27044297,1,604391,1,17847921,ACBADCCDACAAD,270915231,1.166.666.666.700.000,4.5,'ABAIXO DA MEDIA'
27044297,1,604391,1,17847922,DCBAABCDCBABA,270915231,1.166.666.666.700.000,4.5,'ABAIXO DA MEDIA'
27044297,1,604391,1,17847923,.............,270915231,?,4.5,'ABAIXO DA MEDIA'
27044297,1,604391,1,17847924,.............,270915231,?,4.5,'ABAIXO DA MEDIA'
27044297,1,604392,1,17847925,CADDAABCCDBAB,270915231,1.030.303.030.300.000,4.5,'ABAIXO DA MEDIA'
27044297,1,604392,1,17847926,AAAABCBACBDBB,270915231,1.030.303.030.300.000,4.5,'ABAIXO DA MEDIA'
27044297,1,604392,1,17847927,BAABAABCCDBBA,270915231,1.030.303.030.300.000,4.5,'ABAIXO DA MEDIA'
27044297,1,604392,1,17847928,ADADABCCBCDBA,270915231,1.030.303.030.300.000,4.5,'ABAIXO DA MEDIA'
27044297,1,604392,1,17847929,CABADBCDDCCBB,270915231,1.030.303.030.300.000,4.5,'ABAIXO DA MEDIA'
27044297,1,604392,1,17847930,ADBAAABDABCCD,270915231,1.030.303.030.300.000,4.5,'ABAIXO DA MEDIA'
27044297,1,604392,1,17847931,ABDCDBACCABDA,270915231,1.030.303.030.300.000,4.5,'ABAIXO DA MEDIA'
27044297,1,604392,1,17847932,BBCAAADCCBCDC,270915231,1.030.303.030.300.000,4.5,'ABAIXO DA MEDIA'
27044297,1,604392,1,17847933,DDBABCBABCADA,270915231,1.030.303.030.300.000,4.5,'ABAIXO DA MEDIA'
27044297,1,604392,1,17847934,ADADCBDCCBCDC,270915231,1.030.303.030.300.000,4.5,'ABAIXO DA MEDIA'
27044297,1,604392,1,17847935,CDBDADDAACDAC,270915231,1.030.303.030.300.000,4.5,'ABAIXO DA MEDIA'
27044297,1,604392,1,17847936,BABABBAABCBAA,270915231,1.030.303.030.300.000,4.5,'ABAIXO DA MEDIA'
27044297,1,604392,1,17847937,CADCDBACCCADB,270915231,1.030.303.030.300.000,4.5,'ABAIXO DA MEDIA'
27044297,1,604392,1,17847938,.............,270915231,?,4.5,'ABAIXO DA MEDIA'
27044297,1,604392,1,17847939,BCBACBACBBBCD,270915231,1.030.303.030.300.000,4.5,'ABAIXO DA MEDIA'
27044297,1,604392,1,17847940,CBBDDDDCDDCAA,270915231,1.030.303.030.300.000,4.5,'ABAIXO DA MEDIA'
27044297,1,604392,1,17847941,AADCBDACBCCCB,270915231,1.030.303.030.300.000,4.5,'ABAIXO DA MEDIA'
27044297,1,604392,1,17847942,CDADCBCDCADAC,270915231,1.030.303.030.300.000,4.5,'ABAIXO DA MEDIA'
27044297,1,604392,1,17847943,CDCBBDACBDDDA,270915231,1.030.303.030.300.000,4.5,'ABAIXO DA MEDIA'
27044297,1,604392,1,17847944,CCAADACDACDBD,270915231,1.030.303.030.300.000,4.5,'ABAIXO DA MEDIA'
27044297,1,604392,1,17847945,DCCBABDDBCDCC,270915231,1.030.303.030.300.000,4.5,'ABAIXO DA MEDIA'
27044297,1,604392,1,17847946,DAADBDBAACBDA,270915231,1.030.303.030.300.000,4.5,'ABAIXO DA MEDIA'
27044297,1,604392,1,17847947,BABAACCDDCDDD,270915231,1.030.303.030.300.000,4.5,'ABAIXO DA MEDIA'
27044297,1,604392,1,17847948,ACCBCACDABBAA,270915231,1.030.303.030.300.000,4.5,'ABAIXO DA MEDIA'
27044297,1,604392,1,17847949,DBACBCAACCACB,270915231,1.030.303.030.300.000,4.5,'ABAIXO DA MEDIA'
27044297,1,604392,1,17847950,ABABAAADDDCCA,270915231,1.030.303.030.300.000,4.5,'ABAIXO DA MEDIA'
27044297,1,604392,1,17847951,CADCDDACBAACB,270915231,1.030.303.030.300.000,4.5,'ABAIXO DA MEDIA'
27044297,1,604392,1,17847952,CDBABBCAACABB,270915231,1.030.303.030.300.000,4.5,'ABAIXO DA MEDIA'
27044297,1,604392,1,17847953,BAAADBCDBCDDC,270915231,1.030.303.030.300.000,4.5,'ABAIXO DA MEDIA'
27044297,1,604392,1,17847954,BBACCBBACABDA,270915231,1.030.303.030.300.000,4.5,'ABAIXO DA MEDIA'
27044297,1,604392,1,17847955,DABDCCBCCAADC,270915231,1.030.303.030.300.000,4.5,'ABAIXO DA MEDIA'
27044297,1,604392,1,17847956,BCABDBCDBAADC,270915231,1.030.303.030.300.000,4.5,'ABAIXO DA MEDIA'
27044297,1,604392,1,17847957,DDBADCCDBCAAA,270915231,1.030.303.030.300.000,4.5,'ABAIXO DA MEDIA'
27044297,1,604392,1,17847958,CDDCBAACABBCA,270915231,1.030.303.030.300.000,4.5,'ABAIXO DA MEDIA'
27044297,1,604392,1,17847959,.............,270915231,?,4.5,'ABAIXO DA MEDIA'
27044297,1,604392,1,17847960,.............,270915231,?,4.5,'ABAIXO DA MEDIA'
27044297,1,604393,1,17847961,CCDDABBDCABDA,270915231,1.071.428.571.400.000,4.5,'ABAIXO DA MEDIA'
27044297,1,604393,1,17847962,BDCCBDAAADCCD,270915231,1.071.428.571.400.000,4.5,'ABAIXO DA MEDIA'
27044297,1,604393,1,17847963,CCCDBACADCCBA,270915231,1.071.428.571.400.000,4.5,'ABAIXO DA MEDIA'
27044297,1,604393,1,17847964,CCCACCAADCCAB,270915231,1.071.428.571.400.000,4.5,'ABAIXO DA MEDIA'
27044297,1,604393,1,17847965,DAADACACCAADA,270915231,1.071.428.571.400.000,4.5,'ABAIXO DA MEDIA'
27044297,1,604393,1,17847966,ABDCBDBDCBDAC,270915231,1.071.428.571.400.000,4.5,'ABAIXO DA MEDIA'
27044297,1,604393,1,17847967,CABDCCBCCCABA,270915231,1.071.428.571.400.000,4.5,'ABAIXO DA MEDIA'
27044297,1,604393,1,17847968,AABCCBCACABAA,270915231,1.071.428.571.400.000,4.5,'ABAIXO DA MEDIA'
27044297,1,604393,1,17847969,ACADACCDCDADC,270915231,1.071.428.571.400.000,4.5,'ABAIXO DA MEDIA'
27044297,1,604393,1,17847970,CAADCBAACABDC,270915231,1.071.428.571.400.000,4.5,'ABAIXO DA MEDIA'
27044297,1,604393,1,17847971,AABBDDAACDADC,270915231,1.071.428.571.400.000,4.5,'ABAIXO DA MEDIA'
27044297,1,604393,1,17847972,CDCDCCCACCBCB,270915231,1.071.428.571.400.000,4.5,'ABAIXO DA MEDIA'
27044297,1,604393,1,17847973,ACCCBCACDACCC,270915231,1.071.428.571.400.000,4.5,'ABAIXO DA MEDIA'
27044297,1,604393,1,17847974,ACCACABABADAD,270915231,1.071.428.571.400.000,4.5,'ABAIXO DA MEDIA'
27044297,1,604393,1,17847975,AABDACBCCBBDC,270915231,1.071.428.571.400.000,4.5,'ABAIXO DA MEDIA'
27044297,1,604393,1,17847976,CBAADACDDAABD,270915231,1.071.428.571.400.000,4.5,'ABAIXO DA MEDIA'
27044297,1,604393,1,17847977,CABBBBDDBACBC,270915231,1.071.428.571.400.000,4.5,'ABAIXO DA MEDIA'
27044297,1,604393,1,17847978,BCADBCAABCABA,270915231,1.071.428.571.400.000,4.5,'ABAIXO DA MEDIA'
27044297,1,604393,1,17847979,CAACABCACBBCC,270915231,1.071.428.571.400.000,4.5,'ABAIXO DA MEDIA'
27044297,1,604393,1,17847980,.............,270915231,?,4.5,'ABAIXO DA MEDIA'
27044297,1,604393,1,17847981,AADBBCADDBAAD,270915231,1.071.428.571.400.000,4.5,'ABAIXO DA MEDIA'
27044297,1,604393,1,17847982,CBCDBABCABACC,270915231,1.071.428.571.400.000,4.5,'ABAIXO DA MEDIA'
27044297,1,604393,1,17847983,CABBCDBBBACBD,270915231,1.071.428.571.400.000,4.5,'ABAIXO DA MEDIA'
27044297,1,604393,1,17847984,BCBADABBBCDCB,270915231,1.071.428.571.400.000,4.5,'ABAIXO DA MEDIA'
27044297,1,604393,1,17847985,.............,270915231,?,4.5,'ABAIXO DA MEDIA'
27044297,1,604393,1,17847986,DDABACAAAACDA,270915231,1.071.428.571.400.000,4.5,'ABAIXO DA MEDIA'
27044297,1,604393,1,17847987,DCBAACBDBACAC,270915231,1.071.428.571.400.000,4.5,'ABAIXO DA MEDIA'
27044297,1,604393,1,17847988,AABCDBDDDBACC,270915231,1.071.428.571.400.000,4.5,'ABAIXO DA MEDIA'
27044297,1,604393,1,17847989,CCCCCABABABAC,270915231,1.071.428.571.400.000,4.5,'ABAIXO DA MEDIA'
27044297,1,604393,1,17847990,ABCCACAABABAA,270915231,1.071.428.571.400.000,4.5,'ABAIXO DA MEDIA'
27044297,1,604393,1,17847991,.............,270915231,?,4.5,'ABAIXO DA MEDIA'
27044297,1,604393,1,17847992,.............,270915231,?,4.5,'ABAIXO DA MEDIA'
27044297,1,604394,1,17847993,CBADBAADDBCDB,270915231,1.032.258.064.500.000,4.5,'ABAIXO DA MEDIA'
27044297,1,604394,1,17847994,BDBDBBDDCBAAC,270915231,1.032.258.064.500.000,4.5,'ABAIXO DA MEDIA'
27044297,1,604394,1,17847995,CABAACCAAACAD,270915231,1.032.258.064.500.000,4.5,'ABAIXO DA MEDIA'
27044297,1,604394,1,17847996,ABCBADDBADCDA,270915231,1.032.258.064.500.000,4.5,'ABAIXO DA MEDIA'
27044297,1,604394,1,17847997,CDCCAAABCBBDC,270915231,1.032.258.064.500.000,4.5,'ABAIXO DA MEDIA'
27044297,1,604394,1,17847998,BAACDCBCAAACA,270915231,1.032.258.064.500.000,4.5,'ABAIXO DA MEDIA'
27044297,1,604394,1,17847999,CBCDCCADABBAA,270915231,1.032.258.064.500.000,4.5,'ABAIXO DA MEDIA'
27044297,1,604394,1,17848000,DABDAACCAAACA,270915231,1.032.258.064.500.000,4.5,'ABAIXO DA MEDIA'
27044297,1,604394,1,17848001,CADACBBABDBBC,270915231,1.032.258.064.500.000,4.5,'ABAIXO DA MEDIA'
27044297,1,604394,1,17848002,CCCCCBCCCDBAD,270915231,1.032.258.064.500.000,4.5,'ABAIXO DA MEDIA'
27044297,1,604394,1,17848003,CDBDACDDCDBBC,270915231,1.032.258.064.500.000,4.5,'ABAIXO DA MEDIA'
27044297,1,604394,1,17848004,AADABCAACCBDA,270915231,1.032.258.064.500.000,4.5,'ABAIXO DA MEDIA'
27044297,1,604394,1,17848005,CACCACAACABDA,270915231,1.032.258.064.500.000,4.5,'ABAIXO DA MEDIA'
27044297,1,604394,1,17848006,ACBCDDACCACAA,270915231,1.032.258.064.500.000,4.5,'ABAIXO DA MEDIA'
27044297,1,604394,1,17848007,DCCDDBCDBDABC,270915231,1.032.258.064.500.000,4.5,'ABAIXO DA MEDIA'
27044297,1,604394,1,17848008,.............,270915231,?,4.5,'ABAIXO DA MEDIA'
27044297,1,604394,1,17848009,ABCCCCDCDABAB,270915231,1.032.258.064.500.000,4.5,'ABAIXO DA MEDIA'
27044297,1,604394,1,17848010,ACDBABCDDAABC,270915231,1.032.258.064.500.000,4.5,'ABAIXO DA MEDIA'
27044297,1,604394,1,17848011,ADCDBCAADDAAD,270915231,1.032.258.064.500.000,4.5,'ABAIXO DA MEDIA'
27044297,1,604394,1,17848012,ACCDBBCADACAC,270915231,1.032.258.064.500.000,4.5,'ABAIXO DA MEDIA'
27044297,1,604394,1,17848013,CAAACAABDDCAA,270915231,1.032.258.064.500.000,4.5,'ABAIXO DA MEDIA'
27044297,1,604394,1,17848014,BACABCAACAADB,270915231,1.032.258.064.500.000,4.5,'ABAIXO DA MEDIA'
27044297,1,604394,1,17848015,CABCAAADAACAA,270915231,1.032.258.064.500.000,4.5,'ABAIXO DA MEDIA'
27044297,1,604394,1,17848016,CCADCAACAABCA,270915231,1.032.258.064.500.000,4.5,'ABAIXO DA MEDIA'
27044297,1,604394,1,17848017,DABACAAABBCCA,270915231,1.032.258.064.500.000,4.5,'ABAIXO DA MEDIA'
27044297,1,604394,1,17848018,BAADDCCDCABBD,270915231,1.032.258.064.500.000,4.5,'ABAIXO DA MEDIA'
27044297,1,604394,1,17848019,ABBCDACDAAADC,270915231,1.032.258.064.500.000,4.5,'ABAIXO DA MEDIA'
27044297,1,604394,1,17848020,DDBBCDBDBBCDD,270915231,1.032.258.064.500.000,4.5,'ABAIXO DA MEDIA'
27044297,1,604394,1,17848021,ACACDCACCABDB,270915231,1.032.258.064.500.000,4.5,'ABAIXO DA MEDIA'
27044297,1,604394,1,17848022,BCABCDCDBADCB,270915231,1.032.258.064.500.000,4.5,'ABAIXO DA MEDIA'
27044297,1,604394,1,17848023,DADCBABCBACBC,270915231,1.032.258.064.500.000,4.5,'ABAIXO DA MEDIA'
27044297,1,604394,1,17848024,CAABBABABCCAD,270915231,1.032.258.064.500.000,4.5,'ABAIXO DA MEDIA'
27044297,1,604394,1,17848025,.............,270915231,?,4.5,'ABAIXO DA MEDIA'
27044297,1,604394,1,17848026,.............,270915231,?,4.5,'ABAIXO DA MEDIA'
27044297,1,604395,1,17848027,AADCBCAADDDDA,270915231,1.346.153.846.200.000,4.5,'ABAIXO DA MEDIA'
27044297,1,604395,1,17848028,.............,270915231,?,4.5,'ABAIXO DA MEDIA'
27044297,1,604395,1,17848029,DAAACBCABAADD,270915231,1.346.153.846.200.000,4.5,'ABAIXO DA MEDIA'
27044297,1,604395,1,17848030,.............,270915231,?,4.5,'ABAIXO DA MEDIA'
27044297,1,604395,1,17848031,CAAAABBDCABCC,270915231,1.346.153.846.200.000,4.5,'ABAIXO DA MEDIA'
27044297,1,604395,1,17848032,DDDBCBADADCAD,270915231,1.346.153.846.200.000,4.5,'ABAIXO DA MEDIA'
27044297,1,604395,1,17848033,AADCCADDABADA,270915231,1.346.153.846.200.000,4.5,'ABAIXO DA MEDIA'
27044297,1,604395,1,17848034,BBCBCBCCAACDC,270915231,1.346.153.846.200.000,4.5,'ABAIXO DA MEDIA'
27044297,1,604395,1,17848035,CCBCBBCDCCBAD,270915231,1.346.153.846.200.000,4.5,'ABAIXO DA MEDIA'
27044297,1,604395,1,17848036,CBCDDAADADBAA,270915231,1.346.153.846.200.000,4.5,'ABAIXO DA MEDIA'
27044297,1,604395,1,17848037,.............,270915231,?,4.5,'ABAIXO DA MEDIA'
27044297,1,604395,1,17848038,DABCBACDBACCC,270915231,1.346.153.846.200.000,4.5,'ABAIXO DA MEDIA'
27044297,1,604395,1,17848039,.............,270915231,?,4.5,'ABAIXO DA MEDIA'
27044297,1,604395,1,17848040,ABDADAACBCDCA,270915231,1.346.153.846.200.000,4.5,'ABAIXO DA MEDIA'
27044297,1,604395,1,17848041,.............,270915231,?,4.5,'ABAIXO DA MEDIA'
27044297,1,604395,1,17848042,CCCACABDDBDBC,270915231,1.346.153.846.200.000,4.5,'ABAIXO DA MEDIA'
27044297,1,604395,1,17848043,DABCABBBDDDDC,270915231,1.346.153.846.200.000,4.5,'ABAIXO DA MEDIA'
27044297,1,604395,1,17848044,BCBABCBBACCCB,270915231,1.346.153.846.200.000,4.5,'ABAIXO DA MEDIA'
27044297,1,604395,1,17848045,.............,270915231,?,4.5,'ABAIXO DA MEDIA'
27044297,1,604395,1,17848046,BDBCADAAACADB,270915231,1.346.153.846.200.000,4.5,'ABAIXO DA MEDIA'
27044297,1,604395,1,17848047,BBCDACCCDDBDD,270915231,1.346.153.846.200.000,4.5,'ABAIXO DA MEDIA'
27044297,1,604395,1,17848048,DAABCAAAABBBA,270915231,1.346.153.846.200.000,4.5,'ABAIXO DA MEDIA'
27044297,1,604395,1,17848049,.............,270915231,?,4.5,'ABAIXO DA MEDIA'
27044297,1,604395,1,17848050,ACDDBCAAABACC,270915231,1.346.153.846.200.000,4.5,'ABAIXO DA MEDIA'
27044297,1,604395,1,17848051,ACDADCADABAAB,270915231,1.346.153.846.200.000,4.5,'ABAIXO DA MEDIA'
27044297,1,604395,1,17848052,ACDADCADABAAB,270915231,1.346.153.846.200.000,4.5,'ABAIXO DA MEDIA'
27044297,1,604395,1,17848053,.............,270915231,?,4.5,'ABAIXO DA MEDIA'
27044297,1,604395,1,17848054,AABCDBBCABABA,270915231,1.346.153.846.200.000,4.5,'ABAIXO DA MEDIA'
27044297,1,604395,1,17848055,AACCCABABBDAA,270915231,1.346.153.846.200.000,4.5,'ABAIXO DA MEDIA'
27044297,1,604395,1,17848056,DCCDBDBDACDDB,270915231,1.346.153.846.200.000,4.5,'ABAIXO DA MEDIA'
27044297,1,604395,1,17848057,.............,270915231,?,4.5,'ABAIXO DA MEDIA'
27044297,1,604395,1,17848058,BABDBADABDDDB,270915231,1.346.153.846.200.000,4.5,'ABAIXO DA MEDIA'
27044297,1,604395,1,17848059,CAAAABBDCABCC,270915231,1.346.153.846.200.000,4.5,'ABAIXO DA MEDIA'
27044297,1,604395,1,17848060,ACAAABBCCABCC,270915231,1.346.153.846.200.000,4.5,'ABAIXO DA MEDIA'
27044297,1,604395,1,17848061,CBBACBBCADBCB,270915231,1.346.153.846.200.000,4.5,'ABAIXO DA MEDIA'
27044297,1,604395,1,17848062,.............,270915231,?,4.5,'ABAIXO DA MEDIA'
27044297,1,604395,1,17848063,.............,270915231,?,4.5,'ABAIXO DA MEDIA'
27044297,1,604396,2,17848064,CBDAABACCAAAC,270915231,1.260.869.565.200.000,4.5,'ABAIXO DA MEDIA'
27044297,1,604396,2,17848065,CBABCBBDCBBCC,270915231,1.260.869.565.200.000,4.5,'ABAIXO DA MEDIA'
27044297,1,604396,2,17848066,ADADABCBBDDCC,270915231,1.260.869.565.200.000,4.5,'ABAIXO DA MEDIA'
27044297,1,604396,2,17848067,.............,270915231,?,4.5,'ABAIXO DA MEDIA'
27044297,1,604396,2,17848068,.............,270915231,?,4.5,'ABAIXO DA MEDIA'
27044297,1,604396,2,17848069,BDBDCBADBCBDA,270915231,1.260.869.565.200.000,4.5,'ABAIXO DA MEDIA'
27044297,1,604396,2,17848070,AAADDBBBCAADA,270915231,1.260.869.565.200.000,4.5,'ABAIXO DA MEDIA'
27044297,1,604396,2,17848071,BDABCABDADCDB,270915231,1.260.869.565.200.000,4.5,'ABAIXO DA MEDIA'
27044297,1,604396,2,17848072,CCBDACADCCBBB,270915231,1.260.869.565.200.000,4.5,'ABAIXO DA MEDIA'
27044297,1,604396,2,17848073,.............,270915231,?,4.5,'ABAIXO DA MEDIA'
27044297,1,604396,2,17848074,CBBDCCACABCBA,270915231,1.260.869.565.200.000,4.5,'ABAIXO DA MEDIA'
27044297,1,604396,2,17848075,BADDBADBAAAAA,270915231,1.260.869.565.200.000,4.5,'ABAIXO DA MEDIA'
27044297,1,604396,2,17848076,.............,270915231,?,4.5,'ABAIXO DA MEDIA'
27044297,1,604396,2,17848077,CBBBAAADCDABB,270915231,1.260.869.565.200.000,4.5,'ABAIXO DA MEDIA'
27044297,1,604396,2,17848078,CBDCBB*CAC*AA,270915231,1.260.869.565.200.000,4.5,'ABAIXO DA MEDIA'
27044297,1,604396,2,17848079,CCCBCDDCCBAAA,270915231,1.260.869.565.200.000,4.5,'ABAIXO DA MEDIA'
27044297,1,604396,2,17848080,BCCAABADBDDBC,270915231,1.260.869.565.200.000,4.5,'ABAIXO DA MEDIA'
27044297,1,604396,2,17848081,BDCDADBAABCCC,270915231,1.260.869.565.200.000,4.5,'ABAIXO DA MEDIA'
27044297,1,604396,2,17848082,DAABBAADDBBBB,270915231,1.260.869.565.200.000,4.5,'ABAIXO DA MEDIA'
27044297,1,604396,2,17848083,CDCAACBABBBBD,270915231,1.260.869.565.200.000,4.5,'ABAIXO DA MEDIA'
27044297,1,604396,2,17848084,BABBADCCCCDAC,270915231,1.260.869.565.200.000,4.5,'ABAIXO DA MEDIA'
27044297,1,604396,2,17848085,ACCBDAAADBABC,270915231,1.260.869.565.200.000,4.5,'ABAIXO DA MEDIA'
27044297,1,604396,2,17848086,ABCDACAABACDA,270915231,1.260.869.565.200.000,4.5,'ABAIXO DA MEDIA'
27044297,1,604396,2,17848087,CABBDABCDACAB,270915231,1.260.869.565.200.000,4.5,'ABAIXO DA MEDIA'
27044297,1,604396,2,17848088,ADCADBADDDABA,270915231,1.260.869.565.200.000,4.5,'ABAIXO DA MEDIA'
27044297,1,604396,2,17848089,CABAAACADBAAA,270915231,1.260.869.565.200.000,4.5,'ABAIXO DA MEDIA'
27044297,1,604396,2,17848090,DCBBBBCAABBCB,270915231,1.260.869.565.200.000,4.5,'ABAIXO DA MEDIA'
27044297,1,604396,2,17848091,.............,270915231,?,4.5,'ABAIXO DA MEDIA'
27044297,1,604396,2,17848092,.............,270915231,?,4.5,'ABAIXO DA MEDIA'
27044297,1,604396,2,17848093,.............,270915231,?,4.5,'ABAIXO DA MEDIA'
27044297,1,604396,2,17848094,.............,270915231,?,4.5,'ABAIXO DA MEDIA'
27044297,1,604397,2,17848095,BBBDCCCDCBACD,270915231,1.032.258.064.500.000,4.5,'ABAIXO DA MEDIA'
27044297,1,604397,2,17848096,DBBCCBBDBACCC,270915231,1.032.258.064.500.000,4.5,'ABAIXO DA MEDIA'
27044297,1,604397,2,17848097,CCBADBCDBADAC,270915231,1.032.258.064.500.000,4.5,'ABAIXO DA MEDIA'
27044297,1,604397,2,17848098,BDCBBCAAABACA,270915231,1.032.258.064.500.000,4.5,'ABAIXO DA MEDIA'
27044297,1,604397,2,17848099,BDCABCA*BCDDC,270915231,1.032.258.064.500.000,4.5,'ABAIXO DA MEDIA'
27044297,1,604397,2,17848100,CCBAACAACCCBB,270915231,1.032.258.064.500.000,4.5,'ABAIXO DA MEDIA'
27044297,1,604397,2,17848101,CCADDCCDACDCC,270915231,1.032.258.064.500.000,4.5,'ABAIXO DA MEDIA'
27044297,1,604397,2,17848102,CADACCDCBBDBC,270915231,1.032.258.064.500.000,4.5,'ABAIXO DA MEDIA'
27044297,1,604397,2,17848103,CAAACBCDBBBDC,270915231,1.032.258.064.500.000,4.5,'ABAIXO DA MEDIA'
27044297,1,604397,2,17848104,ACBCBCBCDCBAB,270915231,1.032.258.064.500.000,4.5,'ABAIXO DA MEDIA'
27044297,1,604397,2,17848105,AADCDBABCBCCB,270915231,1.032.258.064.500.000,4.5,'ABAIXO DA MEDIA'
27044297,1,604397,2,17848106,ABDCACAACBACB,270915231,1.032.258.064.500.000,4.5,'ABAIXO DA MEDIA'
27044297,1,604397,2,17848107,ADADABDDCBCBB,270915231,1.032.258.064.500.000,4.5,'ABAIXO DA MEDIA'
27044297,1,604397,2,17848108,BAADBDAADDBCB,270915231,1.032.258.064.500.000,4.5,'ABAIXO DA MEDIA'
27044297,1,604397,2,17848109,DBCABBABCADCC,270915231,1.032.258.064.500.000,4.5,'ABAIXO DA MEDIA'
27044297,1,604397,2,17848110,ACABCDCDBCDBC,270915231,1.032.258.064.500.000,4.5,'ABAIXO DA MEDIA'
27044297,1,604397,2,17848111,BAADDBABAAABC,270915231,1.032.258.064.500.000,4.5,'ABAIXO DA MEDIA'
27044297,1,604397,2,17848112,ACBDCAAAACADB,270915231,1.032.258.064.500.000,4.5,'ABAIXO DA MEDIA'
27044297,1,604397,2,17848113,.............,270915231,?,4.5,'ABAIXO DA MEDIA'
27044297,1,604397,2,17848114,DAABDADACDDCC,270915231,1.032.258.064.500.000,4.5,'ABAIXO DA MEDIA'
27044297,1,604397,2,17848115,DDDDADDADDCBD,270915231,1.032.258.064.500.000,4.5,'ABAIXO DA MEDIA'
27044297,1,604397,2,17848116,BCCDBADAACCBB,270915231,1.032.258.064.500.000,4.5,'ABAIXO DA MEDIA'
27044297,1,604397,2,17848117,CCACABDAACDBD,270915231,1.032.258.064.500.000,4.5,'ABAIXO DA MEDIA'
27044297,1,604397,2,17848118,DADBBDDAAADAA,270915231,1.032.258.064.500.000,4.5,'ABAIXO DA MEDIA'
27044297,1,604397,2,17848119,BDBAACAAACBBB,270915231,1.032.258.064.500.000,4.5,'ABAIXO DA MEDIA'
27044297,1,604397,2,17848120,AAABBBDDDCABB,270915231,1.032.258.064.500.000,4.5,'ABAIXO DA MEDIA'
27044297,1,604397,2,17848121,CADCBDBCCBABC,270915231,1.032.258.064.500.000,4.5,'ABAIXO DA MEDIA'
27044297,1,604397,2,17848122,AACDCCBAAADDA,270915231,1.032.258.064.500.000,4.5,'ABAIXO DA MEDIA'
27044297,1,604397,2,17848123,CBCBDACCDAACB,270915231,1.032.258.064.500.000,4.5,'ABAIXO DA MEDIA'
27044297,1,604397,2,17848124,CBBDBCCACCDBA,270915231,1.032.258.064.500.000,4.5,'ABAIXO DA MEDIA'
27044297,1,604397,2,17848125,BCBCBAACBADDB,270915231,1.032.258.064.500.000,4.5,'ABAIXO DA MEDIA'
27044297,1,604397,2,17848126,BCD*BBCDDDAAC,270915231,1.032.258.064.500.000,4.5,'ABAIXO DA MEDIA'
27044297,1,604397,2,17848127,.............,270915231,?,4.5,'ABAIXO DA MEDIA'
27044297,1,604397,2,17848128,.............,270915231,?,4.5,'ABAIXO DA MEDIA'
27044297,1,604398,2,17848129,BCCAACAAADDCC,270915231,0.972972973000000,4.5,'ABAIXO DA MEDIA'
27044297,1,604398,2,17848130,ACBABABCCBBDA,270915231,0.972972973000000,4.5,'ABAIXO DA MEDIA'
27044297,1,604398,2,17848131,CACBDCADABBDD,270915231,0.972972973000000,4.5,'ABAIXO DA MEDIA'
27044297,1,604398,2,17848132,DBAABCACCDAAC,270915231,0.972972973000000,4.5,'ABAIXO DA MEDIA'
27044297,1,604398,2,17848133,CAAADADCDACAA,270915231,0.972972973000000,4.5,'ABAIXO DA MEDIA'
27044297,1,604398,2,17848134,BDCAACBDADDAC,270915231,0.972972973000000,4.5,'ABAIXO DA MEDIA'
27044297,1,604398,2,17848135,CACDCABAAABBB,270915231,0.972972973000000,4.5,'ABAIXO DA MEDIA'
27044297,1,604398,2,17848136,ADBCDCACCCAAC,270915231,0.972972973000000,4.5,'ABAIXO DA MEDIA'
27044297,1,604398,2,17848137,AADCBBAADCBBA,270915231,0.972972973000000,4.5,'ABAIXO DA MEDIA'
27044297,1,604398,2,17848138,BAACDBAACCBCD,270915231,0.972972973000000,4.5,'ABAIXO DA MEDIA'
27044297,1,604398,2,17848139,CDAADDCCBCDCC,270915231,0.972972973000000,4.5,'ABAIXO DA MEDIA'
27044297,1,604398,2,17848140,CABCBCAABABBB,270915231,0.972972973000000,4.5,'ABAIXO DA MEDIA'
27044297,1,604398,2,17848141,ADDDDDDDBCDAC,270915231,0.972972973000000,4.5,'ABAIXO DA MEDIA'
27044297,1,604398,2,17848142,ACDCBBAABDCDD,270915231,0.972972973000000,4.5,'ABAIXO DA MEDIA'
27044297,1,604398,2,17848143,BDCDBCAAABDAD,270915231,0.972972973000000,4.5,'ABAIXO DA MEDIA'
27044297,1,604398,2,17848144,BBACCCACCCBDA,270915231,0.972972973000000,4.5,'ABAIXO DA MEDIA'
27044297,1,604398,2,17848145,ACDBBCBCDDBAC,270915231,0.972972973000000,4.5,'ABAIXO DA MEDIA'
27044297,1,604398,2,17848146,BBBBDABCBDADA,270915231,0.972972973000000,4.5,'ABAIXO DA MEDIA'
27044297,1,604398,2,17848147,BBBCAAAACBBCB,270915231,0.972972973000000,4.5,'ABAIXO DA MEDIA'
27044297,1,604398,2,17848148,BDBDABBDACAAD,270915231,0.972972973000000,4.5,'ABAIXO DA MEDIA'
27044297,1,604398,2,17848149,DABCDACDCBBCC,270915231,0.972972973000000,4.5,'ABAIXO DA MEDIA'
27044297,1,604398,2,17848150,DBDDBCCBCAACC,270915231,0.972972973000000,4.5,'ABAIXO DA MEDIA'
27044297,1,604398,2,17848151,CBBDABBDCDACA,270915231,0.972972973000000,4.5,'ABAIXO DA MEDIA'
27044297,1,604398,2,17848152,BACCCBACCABBA,270915231,0.972972973000000,4.5,'ABAIXO DA MEDIA'
27044297,1,604398,2,17848153,AAACACBDDDABB,270915231,0.972972973000000,4.5,'ABAIXO DA MEDIA'
27044297,1,604398,2,17848154,CBAABDBBADBAC,270915231,0.972972973000000,4.5,'ABAIXO DA MEDIA'
27044297,1,604398,2,17848155,CDCDDCADDDDDD,270915231,0.972972973000000,4.5,'ABAIXO DA MEDIA'
27044297,1,604398,2,17848156,ABCABCBAADDCD,270915231,0.972972973000000,4.5,'ABAIXO DA MEDIA'
27044297,1,604398,2,17848157,DBAABCACCDAAC,270915231,0.972972973000000,4.5,'ABAIXO DA MEDIA'
27044297,1,604398,2,17848158,CDCDCAACCACDB,270915231,0.972972973000000,4.5,'ABAIXO DA MEDIA'
27044297,1,604398,2,17848159,CDAAABDDCCDCC,270915231,0.972972973000000,4.5,'ABAIXO DA MEDIA'
27044297,1,604398,2,17848160,ACADDCCCAABDC,270915231,0.972972973000000,4.5,'ABAIXO DA MEDIA'
27044297,1,604398,2,17848161,ABBCDBACBBBAC,270915231,0.972972973000000,4.5,'ABAIXO DA MEDIA'
27044297,1,604398,2,17848162,BDABDCCDCDACB,270915231,0.972972973000000,4.5,'ABAIXO DA MEDIA'
27044297,1,604398,2,17848163,DBADABBD.CABB,270915231,0.972972973000000,4.5,'ABAIXO DA MEDIA'
27044297,1,604398,2,17848164,DCAADDCCBCDDC,270915231,0.972972973000000,4.5,'ABAIXO DA MEDIA'
27044297,1,604398,2,17848165,ADAADDCCBCDCC,270915231,0.972972973000000,4.5,'ABAIXO DA MEDIA'
27044297,1,604398,2,17848166,.............,270915231,?,4.5,'ABAIXO DA MEDIA'
27044297,1,604399,2,17848167,BCADCBBDCADCB,270915231,1.562.500.000.000.000,4.5,'ABAIXO DA MEDIA'
27044297,1,604399,2,17848168,BDACDCCCBDCDC,270915231,1.562.500.000.000.000,4.5,'ABAIXO DA MEDIA'
27044297,1,604399,2,17848169,DBCDBADBDADDC,270915231,1.562.500.000.000.000,4.5,'ABAIXO DA MEDIA'
27044297,1,604399,2,17848170,ABDADABADCCCB,270915231,1.562.500.000.000.000,4.5,'ABAIXO DA MEDIA'
27044297,1,604399,2,17848171,DADCDDAAAAADA,270915231,1.562.500.000.000.000,4.5,'ABAIXO DA MEDIA'
27044297,1,604399,2,17848172,CDABBCADCDCDB,270915231,1.562.500.000.000.000,4.5,'ABAIXO DA MEDIA'
27044297,1,604399,2,17848173,BBCDBCAABCDAA,270915231,1.562.500.000.000.000,4.5,'ABAIXO DA MEDIA'
27044297,1,604399,2,17848174,ACDDDCBCDCBDC,270915231,1.562.500.000.000.000,4.5,'ABAIXO DA MEDIA'
27044297,1,604399,2,17848175,BACBBDBBBCBBC,270915231,1.562.500.000.000.000,4.5,'ABAIXO DA MEDIA'
27044297,1,604399,2,17848176,.............,270915231,?,4.5,'ABAIXO DA MEDIA'
27044297,1,604399,2,17848177,BBADDAABDCBAA,270915231,1.562.500.000.000.000,4.5,'ABAIXO DA MEDIA'
27044297,1,604399,2,17848178,.............,270915231,?,4.5,'ABAIXO DA MEDIA'
27044297,1,604399,2,17848179,.............,270915231,?,4.5,'ABAIXO DA MEDIA'
27044297,1,604399,2,17848180,.............,270915231,?,4.5,'ABAIXO DA MEDIA'
27044297,1,604399,2,17848181,DDCDDDCBADBCD,270915231,1.562.500.000.000.000,4.5,'ABAIXO DA MEDIA'
27044297,1,604399,2,17848182,AACDACCDCAADC,270915231,1.562.500.000.000.000,4.5,'ABAIXO DA MEDIA'
27044297,1,604399,2,17848183,.............,270915231,?,4.5,'ABAIXO DA MEDIA'
27044297,1,604399,2,17848184,ADAADAADACCAA,270915231,1.562.500.000.000.000,4.5,'ABAIXO DA MEDIA'
27044297,1,604399,2,17848185,DCDBCDBDBCCDC,270915231,1.562.500.000.000.000,4.5,'ABAIXO DA MEDIA'
27044297,1,604399,2,17848186,.............,270915231,?,4.5,'ABAIXO DA MEDIA'
27044297,1,604399,2,17848187,.............,270915231,?,4.5,'ABAIXO DA MEDIA'
27044297,1,604399,2,17848188,ADACDABDAACCC,270915231,1.562.500.000.000.000,4.5,'ABAIXO DA MEDIA'
27044297,1,604399,2,17848189,.............,270915231,?,4.5,'ABAIXO DA MEDIA'
27044297,1,604399,2,17848190,CBADBCBDDBCDC,270915231,1.562.500.000.000.000,4.5,'ABAIXO DA MEDIA'
27044297,1,604399,2,17848191,.............,270915231,?,4.5,'ABAIXO DA MEDIA'
27044297,1,604399,2,17848192,.............,270915231,?,4.5,'ABAIXO DA MEDIA'
27044297,1,604399,2,17848193,.............,270915231,?,4.5,'ABAIXO DA MEDIA'
27044319,1,604405,2,17848347,.............,270915231,?,4.8,'ABAIXO DA MEDIA'
27044319,1,604405,2,17848348,BDDBADCDBCDDC,270915231,1.130.434.782.600.000,4.8,'ABAIXO DA MEDIA'
27044319,1,604405,2,17848349,BAACAABAADDDC,270915231,1.130.434.782.600.000,4.8,'ABAIXO DA MEDIA'
27044319,1,604405,2,17848350,CDCACABCDBBAA,270915231,1.130.434.782.600.000,4.8,'ABAIXO DA MEDIA'
27044319,1,604405,2,17848351,AADBBCAABCDDB,270915231,1.130.434.782.600.000,4.8,'ABAIXO DA MEDIA'
27044319,1,604405,2,17848352,BAADCBBDCABCA,270915231,1.130.434.782.600.000,4.8,'ABAIXO DA MEDIA'
27044319,1,604405,2,17848353,DDADBBACCCCBC,270915231,1.130.434.782.600.000,4.8,'ABAIXO DA MEDIA'
27044319,1,604405,2,17848354,AAACCAABDBACB,270915231,1.130.434.782.600.000,4.8,'ABAIXO DA MEDIA'
27044319,1,604405,2,17848355,ACADABBDCBDAB,270915231,1.130.434.782.600.000,4.8,'ABAIXO DA MEDIA'
27044319,1,604405,2,17848356,CBDCCBBBACCCC,270915231,1.130.434.782.600.000,4.8,'ABAIXO DA MEDIA'
27044319,1,604405,2,17848357,.............,270915231,?,4.8,'ABAIXO DA MEDIA'
27044319,1,604405,2,17848358,ADABBBCDBCDAC,270915231,1.130.434.782.600.000,4.8,'ABAIXO DA MEDIA'
27044319,1,604405,2,17848359,CABDBAAACCCCC,270915231,1.130.434.782.600.000,4.8,'ABAIXO DA MEDIA'
27044319,1,604405,2,17848360,CDBBADACACCBA,270915231,1.130.434.782.600.000,4.8,'ABAIXO DA MEDIA'
27044319,1,604405,2,17848361,CDADBBCCCDDAC,270915231,1.130.434.782.600.000,4.8,'ABAIXO DA MEDIA'
27044319,1,604405,2,17848362,.............,270915231,?,4.8,'ABAIXO DA MEDIA'
27044319,1,604405,2,17848363,ABABBBCDDCADD,270915231,1.130.434.782.600.000,4.8,'ABAIXO DA MEDIA'
27044319,1,604405,2,17848364,CABDBCAAADAAB,270915231,1.130.434.782.600.000,4.8,'ABAIXO DA MEDIA'
27044319,1,604405,2,17848365,AABBBBCDDBDCA,270915231,1.130.434.782.600.000,4.8,'ABAIXO DA MEDIA'
27044319,1,604405,2,17848366,CAADCCACDBCAB,270915231,1.130.434.782.600.000,4.8,'ABAIXO DA MEDIA'
27044319,1,604405,2,17848367,CCCDACACCDCBC,270915231,1.130.434.782.600.000,4.8,'ABAIXO DA MEDIA'
27044319,1,604405,2,17848368,CABADBCDBAADC,270915231,1.130.434.782.600.000,4.8,'ABAIXO DA MEDIA'
27044319,1,604405,2,17848369,ABCDBACACBADA,270915231,1.130.434.782.600.000,4.8,'ABAIXO DA MEDIA'
27044319,1,604405,2,17848370,BADACBACCCDDC,270915231,1.130.434.782.600.000,4.8,'ABAIXO DA MEDIA'
27044319,1,604405,2,17848371,CACBADACACCBD,270915231,1.130.434.782.600.000,4.8,'ABAIXO DA MEDIA'
27044319,1,604405,2,17848372,ACCDDBCDACBBB,270915231,1.130.434.782.600.000,4.8,'ABAIXO DA MEDIA'
27044319,1,604405,2,17848373,.............,270915231,?,4.8,'ABAIXO DA MEDIA'
27044319,1,604405,2,17848374,.............,270915231,?,4.8,'ABAIXO DA MEDIA'
27044319,1,604406,2,17848375,DBDCDAACCC*CD,270915231,1.040.000.000.000.000,4.8,'ABAIXO DA MEDIA'
27044319,1,604406,2,17848376,ACBCAABCCACCC,270915231,1.040.000.000.000.000,4.8,'ABAIXO DA MEDIA'
27044319,1,604406,2,17848377,CCADDCCDBDADD,270915231,1.040.000.000.000.000,4.8,'ABAIXO DA MEDIA'
27044319,1,604406,2,17848378,CBDADCBCDCDCB,270915231,1.040.000.000.000.000,4.8,'ABAIXO DA MEDIA'
27044319,1,604406,2,17848379,CADACADCDDCDA,270915231,1.040.000.000.000.000,4.8,'ABAIXO DA MEDIA'
27044319,1,604406,2,17848380,BDCADBCABBADA,270915231,1.040.000.000.000.000,4.8,'ABAIXO DA MEDIA'
27044319,1,604406,2,17848381,.............,270915231,?,4.8,'ABAIXO DA MEDIA'
27044319,1,604406,2,17848382,DBDCACBBAADAC,270915231,1.040.000.000.000.000,4.8,'ABAIXO DA MEDIA'
27044319,1,604406,2,17848383,BCBCDBACBBAAC,270915231,1.040.000.000.000.000,4.8,'ABAIXO DA MEDIA'
27044319,1,604406,2,17848384,CADBDBAACADCA,270915231,1.040.000.000.000.000,4.8,'ABAIXO DA MEDIA'
27044319,1,604406,2,17848385,BBCDDABADABDA,270915231,1.040.000.000.000.000,4.8,'ABAIXO DA MEDIA'
27044319,1,604406,2,17848386,BDBACBADBDDAC,270915231,1.040.000.000.000.000,4.8,'ABAIXO DA MEDIA'
27044319,1,604406,2,17848387,DDCBBCABBDCCB,270915231,1.040.000.000.000.000,4.8,'ABAIXO DA MEDIA'
27044319,1,604406,2,17848388,CDBBCADAADADC,270915231,1.040.000.000.000.000,4.8,'ABAIXO DA MEDIA'
27044319,1,604406,2,17848389,DAADCBBDCBCAB,270915231,1.040.000.000.000.000,4.8,'ABAIXO DA MEDIA'
27044319,1,604406,2,17848390,DDCCACDABAADA,270915231,1.040.000.000.000.000,4.8,'ABAIXO DA MEDIA'
27044319,1,604406,2,17848391,BCBBCDCDBBBBC,270915231,1.040.000.000.000.000,4.8,'ABAIXO DA MEDIA'
27044319,1,604406,2,17848392,BAABDBBBCDABA,270915231,1.040.000.000.000.000,4.8,'ABAIXO DA MEDIA'
27044319,1,604406,2,17848393,BAACACBACDBCC,270915231,1.040.000.000.000.000,4.8,'ABAIXO DA MEDIA'
27044319,1,604406,2,17848394,BADDBABDCCAAD,270915231,1.040.000.000.000.000,4.8,'ABAIXO DA MEDIA'
27044319,1,604406,2,17848395,CBBCDBBDBCCCB,270915231,1.040.000.000.000.000,4.8,'ABAIXO DA MEDIA'
27044319,1,604406,2,17848396,ACBDABCCCDBDC,270915231,1.040.000.000.000.000,4.8,'ABAIXO DA MEDIA'
27044319,1,604406,2,17848397,BDCCADAAADACA,270915231,1.040.000.000.000.000,4.8,'ABAIXO DA MEDIA'
27044319,1,604406,2,17848398,CACDBCBCADAAB,270915231,1.040.000.000.000.000,4.8,'ABAIXO DA MEDIA'
27044319,1,604406,2,17848399,CCABACBCCBADC,270915231,1.040.000.000.000.000,4.8,'ABAIXO DA MEDIA'
27044319,1,604406,2,17848400,CCBBDABDDCCBC,270915231,1.040.000.000.000.000,4.8,'ABAIXO DA MEDIA'
27044319,1,604406,2,17848401,.............,270915231,?,4.8,'ABAIXO DA MEDIA'
27044319,1,604406,2,17848402,.............,270915231,?,4.8,'ABAIXO DA MEDIA'
27044327,1,604409,2,17848463,ADCBBBADADBAD,270915231,1.184.210.526.300.000,4.4,'ABAIXO DA MEDIA'
27044327,1,604409,2,17848464,CACDDACBBDABB,270915231,1.184.210.526.300.000,4.4,'ABAIXO DA MEDIA'
27044327,1,604409,2,17848465,CCABBBCDDCABC,270915231,1.184.210.526.300.000,4.4,'ABAIXO DA MEDIA'
27044327,1,604409,2,17848466,CBBBCAAADDABA,270915231,1.184.210.526.300.000,4.4,'ABAIXO DA MEDIA'
27044327,1,604409,2,17848467,BDBDDAABDBDDA,270915231,1.184.210.526.300.000,4.4,'ABAIXO DA MEDIA'
27044327,1,604409,2,17848468,CDCDBAABABCDB,270915231,1.184.210.526.300.000,4.4,'ABAIXO DA MEDIA'
27044327,1,604409,2,17848469,CCCBBBABADCAC,270915231,1.184.210.526.300.000,4.4,'ABAIXO DA MEDIA'
27044327,1,604409,2,17848470,CCADACCDDDAAC,270915231,1.184.210.526.300.000,4.4,'ABAIXO DA MEDIA'
27044327,1,604409,2,17848471,.............,270915231,?,4.4,'ABAIXO DA MEDIA'
27044327,1,604409,2,17848472,CDBADACDABDCA,270915231,1.184.210.526.300.000,4.4,'ABAIXO DA MEDIA'
27044327,1,604409,2,17848473,BADCBDAACCCBB,270915231,1.184.210.526.300.000,4.4,'ABAIXO DA MEDIA'
27044327,1,604409,2,17848474,CAABDDAACDDCA,270915231,1.184.210.526.300.000,4.4,'ABAIXO DA MEDIA'
27044327,1,604409,2,17848475,BADCBDACBCACD,270915231,1.184.210.526.300.000,4.4,'ABAIXO DA MEDIA'
27044327,1,604409,2,17848476,CCACBDACADCAC,270915231,1.184.210.526.300.000,4.4,'ABAIXO DA MEDIA'
27044327,1,604409,2,17848477,BDCDBCADACACD,270915231,1.184.210.526.300.000,4.4,'ABAIXO DA MEDIA'
27044327,1,604409,2,17848478,.............,270915231,?,4.4,'ABAIXO DA MEDIA'
27044327,1,604409,2,17848479,AACADABDDCDBC,270915231,1.184.210.526.300.000,4.4,'ABAIXO DA MEDIA'
27044327,1,604409,2,17848480,DDCBACAAAACDD,270915231,1.184.210.526.300.000,4.4,'ABAIXO DA MEDIA'
27044327,1,604409,2,17848481,CDADACCCDDBDA,270915231,1.184.210.526.300.000,4.4,'ABAIXO DA MEDIA'
27044327,1,604409,2,17848482,BDADACDCCACCB,270915231,1.184.210.526.300.000,4.4,'ABAIXO DA MEDIA'
27044327,1,604409,2,17848483,.............,270915231,?,4.4,'ABAIXO DA MEDIA'
27044327,1,604409,2,17848484,CDCBBDAAABABA,270915231,1.184.210.526.300.000,4.4,'ABAIXO DA MEDIA'
27044327,1,604409,2,17848485,ABBBBBCDCCABC,270915231,1.184.210.526.300.000,4.4,'ABAIXO DA MEDIA'
27044327,1,604409,2,17848486,CCDBDACDDACCC,270915231,1.184.210.526.300.000,4.4,'ABAIXO DA MEDIA'
27044327,1,604409,2,17848487,.............,270915231,?,4.4,'ABAIXO DA MEDIA'
27044327,1,604409,2,17848488,.............,270915231,?,4.4,'ABAIXO DA MEDIA'
27044327,1,604409,2,17848489,ABDDAABCACADD,270915231,1.184.210.526.300.000,4.4,'ABAIXO DA MEDIA'
27044327,1,604409,2,17848490,ADBAAAACADADD,270915231,1.184.210.526.300.000,4.4,'ABAIXO DA MEDIA'
27044327,1,604409,2,17848491,AABAADBACCADC,270915231,1.184.210.526.300.000,4.4,'ABAIXO DA MEDIA'
27044327,1,604409,2,17848492,CACCDADDDAABA,270915231,1.184.210.526.300.000,4.4,'ABAIXO DA MEDIA'
27044327,1,604409,2,17848493,CDBADACDABDCB,270915231,1.184.210.526.300.000,4.4,'ABAIXO DA MEDIA'
27044327,1,604409,2,17848494,CABADDAACDDDB,270915231,1.184.210.526.300.000,4.4,'ABAIXO DA MEDIA'
27044327,1,604409,2,17848495,AABCBABCDAABD,270915231,1.184.210.526.300.000,4.4,'ABAIXO DA MEDIA'
27044327,1,604409,2,17848496,BDBBDBABACDDB,270915231,1.184.210.526.300.000,4.4,'ABAIXO DA MEDIA'
27044327,1,604409,2,17848497,ABDBAABCAABBC,270915231,1.184.210.526.300.000,4.4,'ABAIXO DA MEDIA'
27044327,1,604409,2,17848498,DABBCBDCDACDA,270915231,1.184.210.526.300.000,4.4,'ABAIXO DA MEDIA'
27044327,1,604409,2,17848499,.............,270915231,?,4.4,'ABAIXO DA MEDIA'
27044327,1,604409,2,17848500,ACCCABCBB.BAB,270915231,1.184.210.526.300.000,4.4,'ABAIXO DA MEDIA'
27044327,1,604409,2,17848501,CAAADDAACDDDB,270915231,1.184.210.526.300.000,4.4,'ABAIXO DA MEDIA'
27044327,1,604409,2,17848502,ABBADBCDDDDCD,270915231,1.184.210.526.300.000,4.4,'ABAIXO DA MEDIA'
27044327,1,604409,2,17848503,.............,270915231,?,4.4,'ABAIXO DA MEDIA'
27044327,1,604409,2,17848504,BCDCBDBCDCDAB,270915231,1.184.210.526.300.000,4.4,'ABAIXO DA MEDIA'
27044327,1,604409,2,17848505,DBACABCABCADB,270915231,1.184.210.526.300.000,4.4,'ABAIXO DA MEDIA'
27044327,1,604409,2,17848506,CBBBCACADBCBD,270915231,1.184.210.526.300.000,4.4,'ABAIXO DA MEDIA'
27044327,1,604409,2,17848507,CBBCCBBCCAAAD,270915231,1.184.210.526.300.000,4.4,'ABAIXO DA MEDIA'
27044327,1,604409,2,17848508,.............,270915231,?,4.4,'ABAIXO DA MEDIA'
27044327,1,604409,2,17848509,.............,270915231,?,4.4,'ABAIXO DA MEDIA'
27044327,1,604412,2,17848573,DBACCBACCCCCB,270915231,1.051.282.051.300.000,4.4,'ABAIXO DA MEDIA'
27044327,1,604412,2,17848574,ACCBBCBADBCAC,270915231,1.051.282.051.300.000,4.4,'ABAIXO DA MEDIA'
27044327,1,604412,2,17848575,.............,270915231,?,4.4,'ABAIXO DA MEDIA'
27044327,1,604412,2,17848576,ADADCBCDBBADB,270915231,1.051.282.051.300.000,4.4,'ABAIXO DA MEDIA'
27044327,1,604412,2,17848577,DCBCBDBBDCCCC,270915231,1.051.282.051.300.000,4.4,'ABAIXO DA MEDIA'
27044327,1,604412,2,17848578,ADABCBCDBDBBC,270915231,1.051.282.051.300.000,4.4,'ABAIXO DA MEDIA'
27044327,1,604412,2,17848579,CACCCDBABCDAA,270915231,1.051.282.051.300.000,4.4,'ABAIXO DA MEDIA'
27044327,1,604412,2,17848580,ABCCCDCACCDAA,270915231,1.051.282.051.300.000,4.4,'ABAIXO DA MEDIA'
27044327,1,604412,2,17848581,CCCABABADCCDC,270915231,1.051.282.051.300.000,4.4,'ABAIXO DA MEDIA'
27044327,1,604412,2,17848582,AAADACBACACCA,270915231,1.051.282.051.300.000,4.4,'ABAIXO DA MEDIA'
27044327,1,604412,2,17848583,CABBABBDDBABA,270915231,1.051.282.051.300.000,4.4,'ABAIXO DA MEDIA'
27044327,1,604412,2,17848584,BACCBDAAADCCC,270915231,1.051.282.051.300.000,4.4,'ABAIXO DA MEDIA'
27044327,1,604412,2,17848585,AABBDABAADAAD,270915231,1.051.282.051.300.000,4.4,'ABAIXO DA MEDIA'
27044327,1,604412,2,17848586,.............,270915231,?,4.4,'ABAIXO DA MEDIA'
27044327,1,604412,2,17848587,ADADCBDDBACBC,270915231,1.051.282.051.300.000,4.4,'ABAIXO DA MEDIA'
27044327,1,604412,2,17848588,ABDCCBACDCCAC,270915231,1.051.282.051.300.000,4.4,'ABAIXO DA MEDIA'
27044327,1,604412,2,17848589,AAACDBBAADCDC,270915231,1.051.282.051.300.000,4.4,'ABAIXO DA MEDIA'
27044327,1,604412,2,17848590,BBBADAAABBCAB,270915231,1.051.282.051.300.000,4.4,'ABAIXO DA MEDIA'
27044327,1,604412,2,17848591,ABAADCBBBBAAA,270915231,1.051.282.051.300.000,4.4,'ABAIXO DA MEDIA'
27044327,1,604412,2,17848592,BABCAACADDCDC,270915231,1.051.282.051.300.000,4.4,'ABAIXO DA MEDIA'
27044327,1,604412,2,17848593,CDCACADADCCDA,270915231,1.051.282.051.300.000,4.4,'ABAIXO DA MEDIA'
27044327,1,604412,2,17848594,AADCDAAACDBDA,270915231,1.051.282.051.300.000,4.4,'ABAIXO DA MEDIA'
27044327,1,604412,2,17848595,ACCCDAACDAAAB,270915231,1.051.282.051.300.000,4.4,'ABAIXO DA MEDIA'
27044327,1,604412,2,17848596,AACDBCBDDAABD,270915231,1.051.282.051.300.000,4.4,'ABAIXO DA MEDIA'
27044327,1,604412,2,17848597,ACCBBDAAADDCA,270915231,1.051.282.051.300.000,4.4,'ABAIXO DA MEDIA'
27044327,1,604412,2,17848598,CAAD*BCDBAACD,270915231,1.051.282.051.300.000,4.4,'ABAIXO DA MEDIA'
27044327,1,604412,2,17848599,DBADADAABCCAD,270915231,1.051.282.051.300.000,4.4,'ABAIXO DA MEDIA'
27044327,1,604412,2,17848600,DBCCBBCCBACAC,270915231,1.051.282.051.300.000,4.4,'ABAIXO DA MEDIA'
27044327,1,604412,2,17848601,AACDABAAACCBD,270915231,1.051.282.051.300.000,4.4,'ABAIXO DA MEDIA'
27044327,1,604412,2,17848602,AAACACABCCABB,270915231,1.051.282.051.300.000,4.4,'ABAIXO DA MEDIA'
27044327,1,604412,2,17848603,BAACDBCCDDBDD,270915231,1.051.282.051.300.000,4.4,'ABAIXO DA MEDIA'
27044327,1,604412,2,17848604,CACACADACCBDD,270915231,1.051.282.051.300.000,4.4,'ABAIXO DA MEDIA'
27044327,1,604412,2,17848605,ADCCDDDADADDD,270915231,1.051.282.051.300.000,4.4,'ABAIXO DA MEDIA'
27044327,1,604412,2,17848606,BDCDAADDBDCCD,270915231,1.051.282.051.300.000,4.4,'ABAIXO DA MEDIA'
27044327,1,604412,2,17848607,CACBBADACCBCD,270915231,1.051.282.051.300.000,4.4,'ABAIXO DA MEDIA'
27044327,1,604412,2,17848608,CCCDCABBDDACA,270915231,1.051.282.051.300.000,4.4,'ABAIXO DA MEDIA'
27044327,1,604412,2,17848609,.............,270915231,?,4.4,'ABAIXO DA MEDIA'
27044327,1,604412,2,17848610,DBADCCAADCCBA,270915231,1.051.282.051.300.000,4.4,'ABAIXO DA MEDIA'
27044327,1,604412,2,17848611,BDDCBAACDABCD,270915231,1.051.282.051.300.000,4.4,'ABAIXO DA MEDIA'
27044327,1,604412,2,17848612,ABCBBAAABBCCD,270915231,1.051.282.051.300.000,4.4,'ABAIXO DA MEDIA'
27044327,1,604412,2,17848613,CCDBDCCDBADBD,270915231,1.051.282.051.300.000,4.4,'ABAIXO DA MEDIA'
27044327,1,604412,2,17848614,ADBACDCDDBBBC,270915231,1.051.282.051.300.000,4.4,'ABAIXO DA MEDIA'
27044327,1,604412,2,17848615,.............,270915231,?,4.4,'ABAIXO DA MEDIA'
27044360,2,604414,2,17848650,CCDDDBCDBBDBC,270915232,1.037.037.037.000.000,4.8,'ABAIXO DA MEDIA'
27044360,2,604414,2,17848651,DDACCACBCBCAA,270915232,1.037.037.037.000.000,4.8,'ABAIXO DA MEDIA'
27044360,2,604414,2,17848652,ABDCBCBADBBAB,270915232,1.037.037.037.000.000,4.8,'ABAIXO DA MEDIA'
27044360,2,604414,2,17848653,BCDBCBCDBDCBC,270915232,1.037.037.037.000.000,4.8,'ABAIXO DA MEDIA'
27044360,2,604414,2,17848654,CCADAAACCACBC,270915232,1.037.037.037.000.000,4.8,'ABAIXO DA MEDIA'
27044360,2,604414,2,17848655,.............,270915232,?,4.8,'ABAIXO DA MEDIA'
27044360,2,604414,2,17848656,CCDCCBACCBCBB,270915232,1.037.037.037.000.000,4.8,'ABAIXO DA MEDIA'
27044360,2,604414,2,17848657,DCBCBAACAADDC,270915232,1.037.037.037.000.000,4.8,'ABAIXO DA MEDIA'
27044360,2,604414,2,17848658,ADCBACAAADACB,270915232,1.037.037.037.000.000,4.8,'ABAIXO DA MEDIA'
27044360,2,604414,2,17848659,ACADCCBDDBAAD,270915232,1.037.037.037.000.000,4.8,'ABAIXO DA MEDIA'
27044360,2,604414,2,17848660,CCCBBCACDDAAC,270915232,1.037.037.037.000.000,4.8,'ABAIXO DA MEDIA'
27044360,2,604414,2,17848661,BCABACABBBDAA,270915232,1.037.037.037.000.000,4.8,'ABAIXO DA MEDIA'
27044360,2,604414,2,17848662,CBADABACDACBC,270915232,1.037.037.037.000.000,4.8,'ABAIXO DA MEDIA'
27044360,2,604414,2,17848663,BDAABCDDACBBC,270915232,1.037.037.037.000.000,4.8,'ABAIXO DA MEDIA'
27044360,2,604414,2,17848664,DBCBCADCAACDD,270915232,1.037.037.037.000.000,4.8,'ABAIXO DA MEDIA'
27044360,2,604414,2,17848665,CCDCBAACDBBDD,270915232,1.037.037.037.000.000,4.8,'ABAIXO DA MEDIA'
27044360,2,604414,2,17848666,DCDBACAADCBAA,270915232,1.037.037.037.000.000,4.8,'ABAIXO DA MEDIA'
27044360,2,604414,2,17848667,BCAABDDDCDBBC,270915232,1.037.037.037.000.000,4.8,'ABAIXO DA MEDIA'
27044360,2,604414,2,17848668,CBCADADCADCBD,270915232,1.037.037.037.000.000,4.8,'ABAIXO DA MEDIA'
27044360,2,604414,2,17848669,DBACDBACCCCDD,270915232,1.037.037.037.000.000,4.8,'ABAIXO DA MEDIA'
27044360,2,604414,2,17848670,ABDCDAAADCBDD,270915232,1.037.037.037.000.000,4.8,'ABAIXO DA MEDIA'
27044360,2,604414,2,17848671,ADDBBAAADCBDC,270915232,1.037.037.037.000.000,4.8,'ABAIXO DA MEDIA'
27044360,2,604414,2,17848672,CCBDAADDDCDBA,270915232,1.037.037.037.000.000,4.8,'ABAIXO DA MEDIA'
27044360,2,604414,2,17848673,BDAABCDDBCBBB,270915232,1.037.037.037.000.000,4.8,'ABAIXO DA MEDIA'
27044360,2,604414,2,17848674,CCBBCABCDCBCB,270915232,1.037.037.037.000.000,4.8,'ABAIXO DA MEDIA'
27044360,2,604414,2,17848675,CAABAABCDDCBC,270915232,1.037.037.037.000.000,4.8,'ABAIXO DA MEDIA'
27044360,2,604414,2,17848676,CACBDBCDBBDCC,270915232,1.037.037.037.000.000,4.8,'ABAIXO DA MEDIA'
27044360,2,604414,2,17848677,ADCABDABCACDD,270915232,1.037.037.037.000.000,4.8,'ABAIXO DA MEDIA'
27044360,2,604414,2,17848678,.............,270915232,?,4.8,'ABAIXO DA MEDIA'
27044360,2,604414,2,17848679,.............,270915232,?,4.8,'ABAIXO DA MEDIA'
27044360,2,604415,3,17848680,DACCCCBBACCDB,270915232,1.263.157.894.700.000,4.8,'ABAIXO DA MEDIA'
27044360,2,604415,3,17848681,CBCACCCDBDABC,270915232,1.263.157.894.700.000,4.8,'ABAIXO DA MEDIA'
27044360,2,604415,3,17848682,AACBAAADCAADC,270915232,1.263.157.894.700.000,4.8,'ABAIXO DA MEDIA'
27044360,2,604415,3,17848683,.............,270915232,?,4.8,'ABAIXO DA MEDIA'
27044360,2,604415,3,17848684,CDBDDCAAADABA,270915232,1.263.157.894.700.000,4.8,'ABAIXO DA MEDIA'
27044360,2,604415,3,17848685,CCADAADBADCBB,270915232,1.263.157.894.700.000,4.8,'ABAIXO DA MEDIA'
27044360,2,604415,3,17848686,CCDDDACCBDDCD,270915232,1.263.157.894.700.000,4.8,'ABAIXO DA MEDIA'
27044360,2,604415,3,17848687,DBBABBDADBAAB,270915232,1.263.157.894.700.000,4.8,'ABAIXO DA MEDIA'
27044360,2,604415,3,17848688,BBADCCBACCCBA,270915232,1.263.157.894.700.000,4.8,'ABAIXO DA MEDIA'
27044360,2,604415,3,17848689,DCA*BBCDBDBBC,270915232,1.263.157.894.700.000,4.8,'ABAIXO DA MEDIA'
27044360,2,604415,3,17848690,.............,270915232,?,4.8,'ABAIXO DA MEDIA'
27044360,2,604415,3,17848691,ABBCCBACCACDD,270915232,1.263.157.894.700.000,4.8,'ABAIXO DA MEDIA'
27044360,2,604415,3,17848692,CBCAADADDBDCD,270915232,1.263.157.894.700.000,4.8,'ABAIXO DA MEDIA'
27044360,2,604415,3,17848693,BADBCAAAABCBB,270915232,1.263.157.894.700.000,4.8,'ABAIXO DA MEDIA'
27044360,2,604415,3,17848694,ABBABBDBBBACB,270915232,1.263.157.894.700.000,4.8,'ABAIXO DA MEDIA'
27044360,2,604415,3,17848695,CAADBCAAADAAA,270915232,1.263.157.894.700.000,4.8,'ABAIXO DA MEDIA'
27044360,2,604415,3,17848696,.............,270915232,?,4.8,'ABAIXO DA MEDIA'
27044360,2,604415,3,17848697,ACCBCBCDBDDDC,270915232,1.263.157.894.700.000,4.8,'ABAIXO DA MEDIA'
27044360,2,604415,3,17848698,.............,270915232,?,4.8,'ABAIXO DA MEDIA'
27044360,2,604415,3,17848699,ADBBBBAAADCBA,270915232,1.263.157.894.700.000,4.8,'ABAIXO DA MEDIA'
27044360,2,604415,3,17848700,CDCABBCCBDADC,270915232,1.263.157.894.700.000,4.8,'ABAIXO DA MEDIA'
27044360,2,604415,3,17848701,AACABAABADCCC,270915232,1.263.157.894.700.000,4.8,'ABAIXO DA MEDIA'
27044360,2,604415,3,17848702,BAACDABACACBC,270915232,1.263.157.894.700.000,4.8,'ABAIXO DA MEDIA'
27044360,2,604415,3,17848703,.............,270915232,?,4.8,'ABAIXO DA MEDIA'
27044360,2,604415,3,17848704,.............,270915232,?,4.8,'ABAIXO DA MEDIA'
27044360,2,604415,3,17848705,.............,270915232,?,4.8,'ABAIXO DA MEDIA'
27044459,2,604416,2,17848706,CBBCBAACAAADC,270915232,1.166.666.666.700.000,5.1,'ACIMA DA MEDIA'
27044459,2,604416,2,17848707,BBABBAAABADAD,270915232,1.166.666.666.700.000,5.1,'ACIMA DA MEDIA'
27044459,2,604416,2,17848708,CCBDABCAABDDC,270915232,1.166.666.666.700.000,5.1,'ACIMA DA MEDIA'
27044459,2,604416,2,17848709,BDBACCACCCAAC,270915232,1.166.666.666.700.000,5.1,'ACIMA DA MEDIA'
27044459,2,604416,2,17848710,CBACBBCCBBCBC,270915232,1.166.666.666.700.000,5.1,'ACIMA DA MEDIA'
27044459,2,604416,2,17848711,BDCBBDAABCCCC,270915232,1.166.666.666.700.000,5.1,'ACIMA DA MEDIA'
27044459,2,604416,2,17848712,.............,270915232,?,5.1,'ACIMA DA MEDIA'
27044459,2,604416,2,17848713,CBCCDBACDDDDB,270915232,1.166.666.666.700.000,5.1,'ACIMA DA MEDIA'
27044459,2,604416,2,17848714,CCBCDAADDCBAB,270915232,1.166.666.666.700.000,5.1,'ACIMA DA MEDIA'
27044459,2,604416,2,17848715,DBBCADAAACDBA,270915232,1.166.666.666.700.000,5.1,'ACIMA DA MEDIA'
27044459,2,604416,2,17848716,ABADACBDDDBCC,270915232,1.166.666.666.700.000,5.1,'ACIMA DA MEDIA'
27044459,2,604416,2,17848717,ACDBBCCCDBCCD,270915232,1.166.666.666.700.000,5.1,'ACIMA DA MEDIA'
27044459,2,604416,2,17848718,.............,270915232,?,5.1,'ACIMA DA MEDIA'
27044459,2,604416,2,17848719,ADBBBBCCBACBC,270915232,1.166.666.666.700.000,5.1,'ACIMA DA MEDIA'
27044459,2,604416,2,17848720,.............,270915232,?,5.1,'ACIMA DA MEDIA'
27044459,2,604416,2,17848721,CCDDBADBDAAAB,270915232,1.166.666.666.700.000,5.1,'ACIMA DA MEDIA'
27044459,2,604416,2,17848722,.............,270915232,?,5.1,'ACIMA DA MEDIA'
27044459,2,604416,2,17848723,BABCDCAACAADD,270915232,1.166.666.666.700.000,5.1,'ACIMA DA MEDIA'
27044459,2,604416,2,17848724,BCCDBCBCABADB,270915232,1.166.666.666.700.000,5.1,'ACIMA DA MEDIA'
27044459,2,604416,2,17848725,DABDBCCAACDBA,270915232,1.166.666.666.700.000,5.1,'ACIMA DA MEDIA'
27044459,2,604416,2,17848726,CCADACBDCBDDC,270915232,1.166.666.666.700.000,5.1,'ACIMA DA MEDIA'
27044459,2,604416,2,17848727,DBBDCBDBDABBC,270915232,1.166.666.666.700.000,5.1,'ACIMA DA MEDIA'
27044459,2,604416,2,17848728,BDCCBBBAABDAB,270915232,1.166.666.666.700.000,5.1,'ACIMA DA MEDIA'
27044459,2,604416,2,17848729,BCACAAACCACDD,270915232,1.166.666.666.700.000,5.1,'ACIMA DA MEDIA'
27044459,2,604416,2,17848730,CCDABCADDDBAB,270915232,1.166.666.666.700.000,5.1,'ACIMA DA MEDIA'
27044459,2,604416,2,17848731,DCDBACAABCBDB,270915232,1.166.666.666.700.000,5.1,'ACIMA DA MEDIA'
27044459,2,604416,2,17848732,AABBABCDBCCDA,270915232,1.166.666.666.700.000,5.1,'ACIMA DA MEDIA'
27044459,2,604416,2,17848733,CABDABBCDDACD,270915232,1.166.666.666.700.000,5.1,'ACIMA DA MEDIA'
27044459,2,604416,2,17848734,.............,270915232,?,5.1,'ACIMA DA MEDIA'
27044459,2,604416,2,17848735,.............,270915232,?,5.1,'ACIMA DA MEDIA'
27044475,1,604418,2,17848759,.............,270915231,?,3.8,'ABAIXO DA MEDIA'
27044475,1,604418,2,17848760,BDCBBCAAABCBA,270915231,1.153.846.153.800.000,3.8,'ABAIXO DA MEDIA'
27044475,1,604418,2,17848761,BDACDDAACBBBC,270915231,1.153.846.153.800.000,3.8,'ABAIXO DA MEDIA'
27044475,1,604418,2,17848762,DADBACBBDCAAA,270915231,1.153.846.153.800.000,3.8,'ABAIXO DA MEDIA'
27044475,1,604418,2,17848763,CDBDAADBBDBBB,270915231,1.153.846.153.800.000,3.8,'ABAIXO DA MEDIA'
27044475,1,604418,2,17848764,BBBACBDDAAADC,270915231,1.153.846.153.800.000,3.8,'ABAIXO DA MEDIA'
27044475,1,604418,2,17848765,BCBBADAABABDC,270915231,1.153.846.153.800.000,3.8,'ABAIXO DA MEDIA'
27044475,1,604418,2,17848766,CABCCDDCBBCBD,270915231,1.153.846.153.800.000,3.8,'ABAIXO DA MEDIA'
27044475,1,604418,2,17848767,ABBCDCDDBCABA,270915231,1.153.846.153.800.000,3.8,'ABAIXO DA MEDIA'
27044475,1,604418,2,17848768,.............,270915231,?,3.8,'ABAIXO DA MEDIA'
27044475,1,604418,2,17848769,CCBDCBCCABAAA,270915231,1.153.846.153.800.000,3.8,'ABAIXO DA MEDIA'
27044475,1,604418,2,17848770,.............,270915231,?,3.8,'ABAIXO DA MEDIA'
27044475,1,604418,2,17848771,.............,270915231,?,3.8,'ABAIXO DA MEDIA'
27044475,1,604418,2,17848772,CABDBABBADACA,270915231,1.153.846.153.800.000,3.8,'ABAIXO DA MEDIA'
27044475,1,604418,2,17848773,BDACBAABACDCA,270915231,1.153.846.153.800.000,3.8,'ABAIXO DA MEDIA'
27044475,1,604418,2,17848774,CDBDDAAADACCA,270915231,1.153.846.153.800.000,3.8,'ABAIXO DA MEDIA'
27044475,1,604418,2,17848775,CCBBDBADBBABD,270915231,1.153.846.153.800.000,3.8,'ABAIXO DA MEDIA'
27044475,1,604418,2,17848776,ABCBDBABBACBB,270915231,1.153.846.153.800.000,3.8,'ABAIXO DA MEDIA'
27044475,1,604418,2,17848777,CBDBAACDDBDCD,270915231,1.153.846.153.800.000,3.8,'ABAIXO DA MEDIA'
27044475,1,604418,2,17848778,AABBABBACBACA,270915231,1.153.846.153.800.000,3.8,'ABAIXO DA MEDIA'
27044475,1,604418,2,17848779,DADCDBBABAAAB,270915231,1.153.846.153.800.000,3.8,'ABAIXO DA MEDIA'
27044475,1,604418,2,17848780,CBACDBBACBCBA,270915231,1.153.846.153.800.000,3.8,'ABAIXO DA MEDIA'
27044475,1,604418,2,17848781,.............,270915231,?,3.8,'ABAIXO DA MEDIA'
27044475,1,604418,2,17848782,CDCBCAABBBDAD,270915231,1.153.846.153.800.000,3.8,'ABAIXO DA MEDIA'
27044475,1,604418,2,17848783,ACDCCADCDBBAC,270915231,1.153.846.153.800.000,3.8,'ABAIXO DA MEDIA'
27044475,1,604418,2,17848784,ACBDACDADABCA,270915231,1.153.846.153.800.000,3.8,'ABAIXO DA MEDIA'
27044475,1,604418,2,17848785,CDDCAADCBABCD,270915231,1.153.846.153.800.000,3.8,'ABAIXO DA MEDIA'
27044475,1,604418,2,17848786,ADBCBCACACDAD,270915231,1.153.846.153.800.000,3.8,'ABAIXO DA MEDIA'
27044475,1,604418,2,17848787,.............,270915231,?,3.8,'ABAIXO DA MEDIA'
27044475,1,604418,2,17848788,BBDBCBDDBDBDC,270915231,1.153.846.153.800.000,3.8,'ABAIXO DA MEDIA'
27044475,1,604418,2,17848789,ADADBBDBDAAAD,270915231,1.153.846.153.800.000,3.8,'ABAIXO DA MEDIA'
27044475,1,604418,2,17848790,DCAADDBDBDDCC,270915231,1.153.846.153.800.000,3.8,'ABAIXO DA MEDIA'
27049272,1,604577,2,17853488,BACCABAACDCBB,270915231,1.125.000.000.000.000,4.7,'ABAIXO DA MEDIA'
27049272,1,604577,2,17853489,CABBAADDCBAAC,270915231,1.125.000.000.000.000,4.7,'ABAIXO DA MEDIA'
27049272,1,604577,2,17853490,CDBCDDBAACCCB,270915231,1.125.000.000.000.000,4.7,'ABAIXO DA MEDIA'
27049272,1,604577,2,17853491,CAACABAACAADC,270915231,1.125.000.000.000.000,4.7,'ABAIXO DA MEDIA'
27049272,1,604577,2,17853492,ACCAADBBAAABC,270915231,1.125.000.000.000.000,4.7,'ABAIXO DA MEDIA'
27049272,1,604577,2,17853493,CBDDBCAABACBC,270915231,1.125.000.000.000.000,4.7,'ABAIXO DA MEDIA'
27049272,1,604577,2,17853494,.............,270915231,?,4.7,'ABAIXO DA MEDIA'
27049272,1,604577,2,17853495,ACDBAADDCAAAC,270915231,1.125.000.000.000.000,4.7,'ABAIXO DA MEDIA'
27049272,1,604577,2,17853496,.............,270915231,?,4.7,'ABAIXO DA MEDIA'
27049272,1,604577,2,17853497,DCDBACDDACABD,270915231,1.125.000.000.000.000,4.7,'ABAIXO DA MEDIA'
27049272,1,604577,2,17853498,CDCCBBAAACDCC,270915231,1.125.000.000.000.000,4.7,'ABAIXO DA MEDIA'
27049272,1,604577,2,17853499,ACADBAACAACCA,270915231,1.125.000.000.000.000,4.7,'ABAIXO DA MEDIA'
27049272,1,604577,2,17853500,DDADADAAAACDB,270915231,1.125.000.000.000.000,4.7,'ABAIXO DA MEDIA'
27049272,1,604577,2,17853501,CADCDABACBDDC,270915231,1.125.000.000.000.000,4.7,'ABAIXO DA MEDIA'
27049272,1,604577,2,17853502,.............,270915231,?,4.7,'ABAIXO DA MEDIA'
27049272,1,604577,2,17853503,BABDDBCCBABBA,270915231,1.125.000.000.000.000,4.7,'ABAIXO DA MEDIA'
27049272,1,604577,2,17853504,ABBADACBCAAAA,270915231,1.125.000.000.000.000,4.7,'ABAIXO DA MEDIA'
27049272,1,604577,2,17853505,.............,270915231,?,4.7,'ABAIXO DA MEDIA'
27049272,1,604577,2,17853506,C*BADBCAACCBA,270915231,1.125.000.000.000.000,4.7,'ABAIXO DA MEDIA'
27049272,1,604577,2,17853507,BDADCBDDBADCC,270915231,1.125.000.000.000.000,4.7,'ABAIXO DA MEDIA'
27049272,1,604577,2,17853508,ABCCDDACCBCAC,270915231,1.125.000.000.000.000,4.7,'ABAIXO DA MEDIA'
27049272,1,604577,2,17853509,CAADCCACABDAB,270915231,1.125.000.000.000.000,4.7,'ABAIXO DA MEDIA'
27049272,1,604577,2,17853510,CDCDDCCDBADBB,270915231,1.125.000.000.000.000,4.7,'ABAIXO DA MEDIA'
27049272,1,604577,2,17853511,ABCBDCACBDBBB,270915231,1.125.000.000.000.000,4.7,'ABAIXO DA MEDIA'
27049272,1,604577,2,17853512,BBBADBBCBDCDC,270915231,1.125.000.000.000.000,4.7,'ABAIXO DA MEDIA'
27049272,1,604577,2,17853513,CDCDCABCACCAC,270915231,1.125.000.000.000.000,4.7,'ABAIXO DA MEDIA'
27049272,1,604577,2,17853514,CCCAAAAAACCCA,270915231,1.125.000.000.000.000,4.7,'ABAIXO DA MEDIA'
27049272,1,604577,2,17853515,CCCADAACDDBDA,270915231,1.125.000.000.000.000,4.7,'ABAIXO DA MEDIA'
